code,nom,fbID,apropos,description,mission,categorie1,categorie2,categorie3,pays,état,ville,adresse courte,adresse longue,likes,talking_about,Indice (L*TA/10^6)
1047fm.Outaouais,"104,7 Outaouais",271598752944478,Attendez-vous à plus ! www.fm1047.ca - www.twitter.com/1047_FM,"5h30 à 9h30 - Que l'Outaouais se lève!  Avec Michel Lapointe et de nombreux collaborateurs, dont Caroline Tétreault, Mario Aubé, Marc Legault et Roch Cholette.

9h30 à 11h - Doc Mailloux et Josey

11h à Midi - Isabelle Maréchal parle des grands enjeux de la société québécoise.

12h à 15h - Solide comme le Roch avec Roch Cholette.

15h à 17h - LOutaouais maintenant avec Louis-Philippe Brulé et ses nombreux collaborateurs dont Valérie Clairoux aux arts et spectacles et Jérémy Filosa pour nous parler de sports.
",?,Broadcasting & Media Production Company,?,?,Canada,QC,Gatineau,150 d'Edmonton,"150 d'Edmonton, Gatineau, Quebec J8Y 3S6",26983,2549,"68,779667"
1077fm,107.7 FM Estrie,335968163160985,Attendez vous à plus !,?,?,Radio Station,?,?,?,?,?,?,?,23053,681,"15,699093"
919sport,91.9 Sports,880897441945418,Du sport... en continu! - Station de radio - Montréal,?,?,Radio Station,?,?,?,?,?,?,?,31664,909,"28,782576"
985fm,"98,5 FM",141792675836335,"98,5fm Vous le savez maintenant !  http://www.985fm.ca",?,?,Website,?,?,Canada,QC,Montreal,"800 de la Gauchetière Ouest, bureau 1100","800 de la Gauchetière Ouest, bureau 1100, Montreal, Quebec H5A 1M1",51936,6805,"353,42448"
acadienouvelle,Acadie Nouvelle,26891234963,L'Acadie s'exprime ici!,?,?,Newspaper,?,?,Canada,NB,Caraquet,476 boulevard Saint-Pierre,"476 boulevard Saint-Pierre, Caraquet, New Brunswick E1W 1B7",39503,1982,"78,294946"
beaucemedia,Beauce Média,125969067756,?,"Journal hebdomadaire de Icimédias, couvrant la circonscription de Beauce-Nord, dont les villes de Sainte-Marie et Saint-Joseph-de-Beauce.","Couvrir et diffuser les informations des MRC de La Nouvelle-Beauce, de Robert-Cliche et d'une partie de celle de Lotbinière.",Media/News Company,?,?,Canada,QC,Sainte-Marie,"1068, Boulevard Vachon Nord, bureau 010","1068, Boulevard Vachon Nord, bureau 010, Sainte-Marie, Quebec G6E 1M6",5418,2477,"13,420386"
BLVD1021,BLVD 102.1,150432825297809,"BLVD 102.1, la radio qui fait parler!","BLVD 102,1, un grand carrefour où toutes les musiques se croisent, où tout le monde se rencontre et où toutes les opinions circulent.

Une propriété Leclerc Communication",?,Radio Station,?,?,?,?,?,?,?,109730,2535,"278,16555"
CBCMontreal,CBC Montreal,128015371297,Your source for breaking news and top stories in Montreal. ,"The CBC Montreal Facebook page connects you to our journalists and to your community. We welcome your breaking news tips, comments and story ideas on Facebook and elsewhere:
 
Find us online at cbc.ca/montreal 

On Twitter: twitter.com/CBCMontreal 
On Instagram: instagram.com/CBCMontreal

Share with us using #cbcmtl


Please keep your Facebook posts relative to the topic. Your contributions make our programming richer and the conversations more lively and diverse. We reserve the right to remove any posts that are offensive, pornographic, vulgar, obscene, illegal, hateful, threatening, harassing, personally attacking, insulting and defamatory, or suggest committing a criminal act. Spam, graffiti, solicitations and advertising are also prohibited, and will be removed from the page.

If any of the rules are broken on a repeat basis, the person posting the content will be suspended and removed from the page. If a member of the page is not abiding by the posting guidelines, please feel free to report it.

For commenting and submission guidelines, please visit our submissions guidelines page online: http://www.cbc.ca/aboutcbc/discover/submissions.html",?,Broadcasting & Media Production Company,?,?,Canada,QC,Montreal,1400 René Lévesque Boulevard E,"1400 René Lévesque Boulevard E, Montreal, Quebec H2L 2M2",80524,26527,"2136,060148"
ChatelaineQc,Châtelaine,12560489166,"Réflexion, culture, santé, cuisine et petits pots.
http://fr.chatelaine.com/",La netiquette qui régit la modération des commentaire sur cette page Facebook est celle-ci : http://www.chatelaine.com/netiquette,?,Magazine,?,?,?,?,?,?,?,109054,738,"80,481852"
CIHOFM,"CIHO FM 96,3 Charlevoix",101619366699027,"Radio MF Charlevoix inc. est la radio de Charlevoix!

CIHO est accessible sur les ondes au 96,3 / 88,1 / 92,1 / 105,9 et sur internet au www.cihofm.com",?,"Leader dans son milieu, CIHO 96,3, la radio de Charlevoix, a pour mission d'informer, échanger et divertir, et ce, dans un souci de respect, d'authenticité et d'engagement.",Radio Station,?,?,Canada,QC,Saint Hilarion,"315, Cartier-Nord","315, Cartier-Nord, Saint Hilarion, Quebec G0A 3V0",9980,1803,"17,99394"
cime.fm,CIME.FM,127754787264573,CIME 103.9 101.3 La couleur musicale des Laurentides : Une radio impliquée dans sa région et branchée sur les grands événements de chez nous.,"Pour nous joindre en studio : 450 304-2463 ou 1 844 304-2463

Si vous êtes témoins d'un évènement, n'hésitez pas à communiquer avec nos journalistes via nouvelles@cime.fm ou via le 450 431-2463 poste 231 ou 450-712-1039.",?,Arts & Entertainment,Broadcasting & Media Production Company,Radio Station,Canada,QC,Saint-Jérôme,"300, rue Marie-Victorin","300, rue Marie-Victorin, Saint-Jérôme, Quebec J7Y 2G8",9333,2298,"21,447234"
cimtnouvelles,CIMT Nouvelles,176156409078792,"CIMT, le leader de l'information régionale. Pour vos nouvelles sur les régions du KRTB, de L'Islet, de Charlevoix et du Nord-Ouest du Nouveau-Brunswick.

Suivez-nous du lundi au vendredi à 12h et 18h au TVA Nouvelles.",CIMT Nouvelles se réserve le droit de diffuser les noms et les commentaires publiés sur cette Page Facebook.,?,Broadcasting & Media Production Company,?,?,Canada,QC,Rivière-du-Loup,15 rue de la Chute,"15 rue de la Chute, Rivière-du-Loup, Quebec G5R 5B7",27481,2467,"67,795627"
cjad800,CJAD 800 Montreal,62993538701,"News Talk Radio - CJAD 800
Listen Live:
http://www.iheartradio.ca/cjad/player","News Talk Radio CJAD 800 is Montreal's ""go to"" for compelling conversation and frequent News, Weather and Traffic. 

CJAD 800 has the top-rated hosts all-day including Andrew Carter, Leslie Roberts, Tommy Schnurmacher, Natasha Hall and Aaron Rand. 

News and Weather are reported every half-hour. Traffic is updated every 15 minutes (:00, :15, :30, :45). 

There are many ways to listen: 

On the dial: 800 AM
On-line: http://www.iheartradio.ca/cjad
Mobile: iheartradio.ca
Videotron Illico: Channel 573


You can also follow us on Twitter: http://twitter.com/CJAD800

For questions or comments about the station e-mail Program Director Chris Bury at cbury@cjad.com. ","Our mission is simple: inform, entertain and provide a voice to Montrealers. ",Broadcasting & Media Production Company,?,?,Canada,QC,Montreal,1717 Boulevard René-Lévesque Est,"1717 Boulevard René-Lévesque Est, Montreal, Quebec H2L 2R8",35263,4744,"167,287672"
coupdepouce,Coup de pouce,148988156276,"Coup de pouce propose des recettes savoureuses et des conseils sur la famille, la santé, le mieux-être, la mode la beauté et la déco. www.coupdepouce.com","Vous avez envie d'alimenter notre page Facebook? Nous accueillons vos commentaires avec plaisir mais nous nous réservons le droit de supprimer ceux jugés hors sujet, diffamatoires ou non respectueux des autres membres de la page Coup de pouce. 

Veuillez également noter que les messages promotionnels n'ayant pas de lien avec Coup de pouce seront supprimés. ","Coup de pouce a comme mission de proposer des solutions concrètes aux préoccupations des femmes et ce, dans toutes les sphères de leur vie. Généreux, complet et pratique, c'est aussi une référence en matière de cuisine. Abonnez-vous au magazine en cliquant ici: http://bit.ly/1IW6J5K  ",Magazine,?,?,?,?,?,?,?,250573,5814,"1456,831422"
ctvmontreal,CTV Montreal,38459519955,"CTV Montreal, formerly CFCF, was the first private television station in Montreal. It was launched in January 1961 and was one of the founding partners in the CTV network.",?,?,TV Channel,?,?,Canada,QC,Montreal,1205 Papineau Ave.,"1205 Papineau Ave., Montreal, Quebec H2K 4R2",63044,20652,"1301,984688"
EchosVedettes,Magazine Échos Vedettes,239007911977,"Échos Vedettes, LE magazine de VOS vedettes!  Soyez à l'affût des nouvelles artistiques de l'heure sur Twitter: http://twitter.com/echosvedettes ",?,"Nous vous remercions pour vos commentaires! Sachez par contre, que les mentions qui de près ou de loin pourraient affecter le travail de nos journalistes, devront être supprimées. Nous vous remercions de votre compréhension et collaboration.",Company,?,?,?,?,?,?,?,14752,1562,"23,042624"
eduhaime,Éric Duhaime,216141861779286,"Animateur, chroniqueur et auteur, notamment de ""L'État contre les jeunes""(2012), ""Libérez-nous des syndicats!"" (2013), ""La SAQ pousse le bouchon!"" (2014) et ""La fin de l'homosexualité et le dernier gay"" (2017).",?,?,Public Figure,?,?,Canada,QC,Montreal,?,"Montreal, Quebec",52500,3532,"185,43"
enbeauce,EnBeauce.com,137517729595139,www.enbeauce.com  Média électronique quotidien en Beauce.  Suivez-nous sur twitter  www.twitter.com/enbeauce,Restez à l'affût des nouvelles de la Beauce avec votre quotidien Web le plus visité de la région!,?,Newspaper,Broadcasting & Media Production Company,News & Media Website,Canada,QC,Saint-Georges,"9085, boul. Lacroix","9085, boul. Lacroix, Saint-Georges, Quebec G5Y 2B4",26882,5423,"145,781086"
EstriePlus,EstriePlus.com Le Journal Internet,175788645805484,Le Journal Internet www.estrieplus.com livre l'actualité quotidienne régionale en direct et archivée et offre plusieurs outils web interactifs. Annonces classées - Avis de décès - Nouvelles régionales - Emplois - Concours - Annuaire,"Plus de 70% de la population estrienne est utilisateur d'internet et 75% des types de sites web les plus visités se trouvent sur EstriePlus.com.

Avec plus de 100,000 visites par mois, EstriePlus.com est le média le plus lu en Estrie.

Une équipe expérimentée et compétente de gens passionnés voit au succès d'EstriePlus.com.

Nous proposons aux entreprises différents forfaits pour leur campagne publicitaire et aux lecteurs un contenu actualisé tous les jours.

Vous voulez :

    * Annoncer un événement (communautaire, sportif, etc.)
    * Acheter un espace publicitaire 
    * Avoir votre propre site Internet 
    * De linformation sur tous les services que nous offrons

Communiquez avec nous au : 819 563-1001 poste 228 ou info@estrieplus.com   ",Notre mission est d'informer la population et d'offrir une visibilité web aux entreprises de l'Estrie.,News & Media Website,?,?,Canada,QC,Sherbrooke,"175, rue Queen","175, rue Queen, Sherbrooke, Quebec J1M 1K1",14284,1096,"15,655264"
fm1033,"FM 103,3 - La radio allumée",110821378937188,"Le FM 103,3 la radio allumée. www.fm1033.ca","Le FM 103,3 est l'unique média électronique à produire des actualités rive-sudoises quotidiennement avec le choix musical francophone le plus important au Québec. Le contenu culturel et social, ainsi que la programmation divertissante reflètent l'image de notre collectivité. ","La mission de la station de radio FM 103,3 est de contribuer à lémergence de lidentité rive-sudoise et den favoriser lexpression. Étant une radio enracinée dans son milieu et au service de sa communauté, le FM 103,3 contribue également au mieux-être de cette communauté en participant étroitement à son développement culturel, social et économique. La FM 103,3 vit enraciné dans son milieu et au service de sa communauté. 
",Radio Station,?,?,Canada,QC,Longueuil,91 St-Jean,"91 St-Jean, Longueuil, Quebec J4H 2W8",16344,3757,"61,404408"
fm93quebec,FM93 Québec,129084380484268,L'actualité sans compromis. http://www.fm93.com,?,?,Radio Station,?,?,Canada,QC,Quebec,1305 chemin Ste-Foy,"1305 chemin Ste-Foy, Quebec, Quebec G1S 4Y5",20827,2079,"43,299333"
globalmontreal,Global Montreal,115446208478014,"Welcome to Global Montreal's Facebook page - your source for local news, weather and entertainment. Feel free to say hi and share your thoughts. ","Please keep your Facebook posts clean, constructive and on topic. 

Unlawful, disrespectful, slanderous, defamatory, malicious, threatening, profane, obscene, tasteless or pornographic remarks will not be tolerated, and will be deleted without notice. 

Spam, graffiti, campaigning and advertising are also strictly prohibited. While we encourage free speech and debate, harassment and attacks on fellow Facebook fans are unacceptable. 

Repeated abusers of this policy will be reported, and may be banned.",?,Media/News Company,?,?,Canada,QC,Montreal,1010 Saint Catherine Street West,"1010 Saint Catherine Street West, Montreal, Quebec H3B 5L1",46300,19928,"922,6664"
gravelmatin,Gravel le matin,1387489814797612,"Émission matinale d'ICI Radio-Canada Première dans le Grand Montréal animée par Alain Gravel. En semaine, de 5h30 à 9h. ","Gravel le matin est le rendez-vous matinal d'ICI Radio-Canada Première dans le Grand Montréal.

Cette page est un endroit pour discuter de vos préoccupations en lien avec l'actualité. Nous voulons VOUS entendre! Il s'agit d'un lieu de discussion ouvert et respectueux qui doit respecter la nétiquette d'ICI Radio-Canada : http://ici.radio-canada.ca/apropos/conditionsutilisation/netiquette/",?,Media/News Company,?,?,?,?,?,?,?,34364,4211,"144,706804"
hebdojournal,L'Hebdo Journal,146779575365794,"Fondé en 1967, L'Hebdo Journal est un hebdomadaire distribué gratuitement de porte à porte dans les foyers de Trois-Rivières et dans la MRC des Chenaux.","Fondé en 1967, L'Hebdo Journal est un hebdomadaire de TC-Media distribué gratuitement de porte à porte dans près de 61 110 foyers de la ville de Trois-Rivières et de la MRC des Chenaux.",?,Media/News Company,?,?,?,?,Trois-Rivières,635 rue Père-Daniel,"635 rue Père-Daniel, G9A 5Z7 Trois-Rivières",16313,1018,"16,606634"
HollywoodPQ,HollywoodPQ.com,199477370862,HollywoodPQ est le site #1 pour tout savoir (avant tout le monde) sur les stars québécoises et internationales qui vous allument. ,Suivez-vous sur Twitter @hollywoodpq - www.twitter.com/hollywoodpq,On potine au MAX!,Media/News Company,?,?,Canada,QC,Montreal,?,"Montreal, Quebec",95921,2831,"271,552351"
HuffPostQuebec,HuffPost Québec,203690626386081,"Le Huffington Post Québec, votre espace de discussion et de débat sur l'actualité. http://quebec.huffingtonpost.ca/","Site d'information, d'opinion, de divertissement et de bien-être au Québec.",?,News & Media Website,?,?,Canada,QC,Montreal,"1801 avenue McGill College, bureau 740","1801 avenue McGill College, bureau 740, Montreal, Quebec H3A 2N4",316426,17489,"5533,974314"
iciabitibi,ICI Abitibi-Témiscamingue,275069289242598,"Toutes les nouvelles d'ICI Radio-Canada Abitibi-Témiscamingue, pour vous et avec vous. http://www.ici.radio-canada.ca/abitibi-temiscamingue/","Radio-Canada est le radiodiffuseur public national du Canada. Son bureau en Abitibi-Témiscamingue produit et diffuse des nouvelles régionales et des émissions à la radio. 

Fréquences pour nous capter :

- Rouyn-Noranda : 90,7 FM
- La Sarre : 100,7 FM
- Val-d'Or, Amos et Senneterre : 91,5 FM
- Ville-Marie : 89,1 FM
- Témiscaming : 103,1 FM
- Matagami : 1140 AM
- Lebel-sur-Quévillon : 650 AM
- Waswanipi : 101,5 FM","1. Servir lintérêt public

Notre mission est dinformer, de révéler, de contribuer à la compréhension denjeux dintérêt public et dencourager la participation des Canadiens à notre société libre et démocratique.


2. Refléter la diversité

Nous tenons à refléter fidèlement léventail des expériences et des points de vue des Canadiens. Nos informations doivent être pertinentes aux yeux des citoyens, quelles que soient leurs origines, perspectives et croyances, tout en étant conformes à nos valeurs.

Nous nous engageons à refléter les diversités régionales et culturelles du pays et à favoriser le respect et la compréhension entre les régions.


3. Préserver notre indépendance

Nous sommes indépendants des lobbies et des pouvoirs politiques et économiques. Nous défendons la liberté dexpression et la liberté de la presse, garantes dune société libre et démocratique. 

Lintérêt public guide toutes nos décisions.


4. Agir de façon responsable

Nous sommes conscients des conséquences de notre travail journalistique et de notre devoir dhonnêteté auprès des auditoires. Nous nhésitons pas à corriger une erreur, si nécessaire, ni à effectuer un suivi lorsquune situation évolue de façon importante.

Le Bureau de lombudsman examine nos pratiques à la lumière des normes établies par les présentes politiques. Nous offrons ouvertement au public les moyens dévaluer notre performance et de nous demander des comptes, notamment en partageant avec lui les éléments de mesure que nous employons pour évaluer la qualité de notre travail journalistique.

Nous gérons nos ressources de façon responsable. Nous visons lexcellence et le respect des meilleures pratiques dans notre action journalistique.",Arts & Entertainment,Media/News Company,Lake,Canada,QC,Rouyn,"70, avenue Principale","70, avenue Principale, Rouyn, Quebec J9X 4P2",11158,2535,"28,28553"
icibassaintlaurent,ICI Bas-Saint-Laurent,243777932386097,"Pour être au fait de toute l'information régionale, nationale et internationale!","LA PAGE # 1 EN INFORMATION RÉGIONALE! Tous les jours, soyez informés de ce qui se passe ici et ailleurs! Que ce soit les entrevues de nos équipes des émissions de la Première Chaîne ou les nouvelles qui seront à l'affiche au Téléjournal Est du Québec, vous serez au courant de tout!

Merci de respecter la nétiquette lors de vos échanges, et surtout de demeurer respectueux des autres internautes, sans quoi vous courez le risque d'être bannis ne notre tribune : http://ici.radio-canada.ca/apropos/conditionsutilisation/netiquette/

Veuillez noter que nous effectuons une modération de base des commentaires, mais que nous n'avons pas la capacité de tous les lire. Merci de nous signaler les commentaires que vous jugez inappropriés.",?,Broadcasting & Media Production Company,?,?,Canada,QC,Rimouski,"185, boul. René-Lepage Est","185, boul. René-Lepage Est, Rimouski, Quebec G5L1P2",17685,1646,"29,10951"
icicotenord,ICI Côte-Nord,165824360177331,"ICI Côte-Nord
Bonjour la Côte!
En semaine 6 h
Animation : Bis Petitpas 
http://ici.radio-canada.ca/premiere/emissions/bonjour-la-cote

Boréale 138
En semaine 15h30
Animation : Michel Plourde
http://ici.radio-canada.ca/premiere/emissions/boreale-138",?,?,Media/News Company,?,?,?,?,?,Radio-Canada Côte-Nord,Radio-Canada Côte-Nord,12568,2925,"36,7614"
iciestrie,ICI Estrie,211536155525838,"Radio-Canada Estrie, ce sont vos nouvelles à la télé, à la radio et sur le web","CBC / Radio-Canada est le radiodiffuseur public national du Canada et l'une des plus grandes institutions culturelles du pays. Présent partout au pays à la radio, à la télévision et sur Internet, CBC / Radio-Canada propose une programmation distinctive, crédible et rassembleuse qui enrichit la vie culturelle et démocratique de tous les citoyens.","Notre page Facebook de Radio-Canada Estrie est animée par Julie Laurent, agente de communication, Geneviève Proulx, journaliste web, ainsi que par les personnalités et animateurs de la station.
Nous vous invitons à participer, à commenter nos publications et à partager vos photos, vidéos, infos...! Régulièrement, nous vous proposons une question en lien avec l'actualité afin de connaître vos avis et de susciter le débat sur des sujets qui vous préoccupent. Certains commentaires pourront être diffusés au Téléjournal Estrie ou dans le cadre de nos émissions sur ICI Radio-Canada Première.
Nous souhaitons bien sûr que les échanges soient respectueux et argumentés, dans le respect de notre nétiquette : https://www.facebook.com/iciestrie/app/246696872143791/
Merci de votre participation!",Broadcasting & Media Production Company,?,?,?,?,Sherbrooke,1335 rue King Ouest,"1335 rue King Ouest, J1J2B8 Sherbrooke",31565,3827,"120,799255"
icigaspesieilesdelamadeleine,ICI Gaspésie-Les-Îles,226135530782200,?,"Merci de respecter la nétiquette lors de vos échanges, et surtout de demeurer respectueux des autres internautes, sans quoi vous courez le risque d'être bannis ne notre tribune : http://ici.radio-canada.ca/apropos/conditionsutilisation/netiquette/

Veuillez noter que nous effectuons une modération de base des commentaires, mais que nous n'avons pas la capacité de tous les lire. Merci de nous signaler les commentaires que vous jugez inappropriés.",?,Media/News Company,?,?,?,?,Matane,303 rue St-Jérôme,"303 rue St-Jérôme, G4W3A8 Matane",17259,2730,"47,11707"
icigrandmontreal,ICI Grand Montréal,134483853321456,Une fenêtre sur la vie dans la région et un lieu de discussion sur les sujets qui vous touchent. De la Rive-Nord à la Rive-Sud.,"ICI Grand Montréal, c'est une communauté dintérêts axée sur la vie dans la grande région métropolitaine sous toutes ses coutures. Actualités, tendances, découvertes, réflexion, cest la référence pour savoir ce qui se passe dans le Grand Montréal.

ICI Grand Montréal, cest aussi un lieu de discussion sur ce qui vous allume, sur les sujets qui vous touchent et dont vous voulez entendre parler. Cest un canal de communication bidirectionnel. Nous voulons vous entendre! Exprimez-vous!

ICI Grand Montréal, cest une équipe de journalistes et des chroniqueurs qui sortent sur le terrain pour dénicher des histoires originales.

Qui sommes-nous?

Naima Benabdallah/Claudia Timmons, coordonnatrice
Marie-Ève Tremblay, chroniqueuse web
Thomas Gerbet, journaliste 
Francis Labbé, journaliste 
Pascal Robidas, journaliste
Hugo Lavoie, chroniqueur urbain
Ève Christian, météorologue
Yves Desautels, chroniqueur à la circulation

Nétiquette de Radio-Canada.ca : http://bit.ly/vsoSrP","ICI Grand Montréal : éclairer, informer, divertir.",Media/News Company,?,?,?,?,Montréal,"1400, boul. René Lévesque Est","1400, boul. René Lévesque Est, H2L2M2 Montréal",33469,21697,"726,176893"
icimauriciecentreduquebec,ICI Mauricie Centre-du-Québec,353039654402,"ICI Mauricie, c'est votre station régionale de Radio-Canada sur Internet, à la radio et à la télé.","Site Internet régional de Radio-Canada
ICI.Radio-Canada.ca/mauricie

Facteur matinal
ICI Radio-Canada Première
En semaine, de 6 h à 9 h
96,5FM
360 PM
ICI Radio-Canada Première
En semaine, de 15 h 30 à 18 h
96,5FM

Téléjournal Mauricie
ICI Radio-Canada Télé
7 jours, 18 h
Cogéco 3, HD 504 | Vidéotron 10, HD 602 | Bell 542 | Shaw HD 705",?,Broadcasting & Media Production Company,?,?,Canada,QC,Trois-Rivières,225 rue des Forges,"225 rue des Forges, Trois-Rivières, Quebec G9A 2G7",27584,6512,"179,627008"
iciottawagatineau,ICI Ottawa Gatineau,152856822182,Bienvenue sur la page Facebook officielle de Radio-Canada Ottawa-Gatineau,"ICI Ottawa-Gatineau, c'est une communauté dintérêts axée sur la vie dans la grande région de la capitale sous toutes ses coutures.

C'est aussi un lieu de discussion sur ce qui vous allume. On veut connaître votre point de vue. Sondez, analysez, informez-nous. Contestez, argumentez, débattez. Soyez inspirant, divertissant et amusez-vous. Votre contribution enrichit notre programmation et contribue à alimenter et à diversifier la discussion.

Découvrez avant tout le monde les sujets du jour et suivez en coulisses le travail des artisans, des animateurs, chroniqueurs et des journalistes de Radio-Canada Ottawa-Gatineau. ",?,Broadcasting & Media Production Company,?,?,Canada,ON,Ottawa,"181, rue Queen","181, rue Queen, Ottawa, Ontario K1Y 1E4",40063,2652,"106,247076"
iciquebec,ICI Québec,188385537886041,"ICI Radio-Canada Première, ICI Musique, ICI Radio-Canada Télé et Radio-Canada.ca dans la grande région de Québec!","Produits à Radio-Canada Québec : 
RADIO - ICI RADIO-CANADA PREMIÈRE 106,3 FM
Signal en direct : http://bit.ly/2kxEuVA

Première Heure
Avec Claude Bernatchez
Du lundi au vendredi, de 5 h 30 à 9 h

Radio-Canada cet après-midi
Avec Catherine Lachaussée
Du lundi au vendredi, de 15 h à 18 h

TÉLÉVISION - ICI RADIO-CANADA TÉLÉ
Signal en direct : http://bit.ly/2nTd1MY

Le Téléjournal Québec
Avec Bruno Savard
Du lundi au vendredi, dès 18 h
Et avec Guillaume Dumas
Samedi et dimanche, dès 18 h

En Supplémentaire (émission estivale)
Avec Claudia Genel
Du lundi au vendredi, 18 h 30

La Semaine Verte
Avec Catherine Mercier
Samedi, 17 h en rediffusion le dimanche à 12 h 30

Second Regard
Avec Alain Crevier
Dimanche, 13 h 30

FRÉQUENCES 

ICI RADIO-CANADA TÉLÉ
Câble 6
Express Vu 111
Numérique 12
DéryTélécom 5 - 705 HD
Vidéotron 2 - 602 HD

ICI RADIO-CANADA PREMIÈRE
Baie-Saint-Paul 104,9 FM, Côte de Beaupré 96,7 FM, La Malbaie 99,3 FM, Québec 106,3 FM, Saint-Fabien-de-Panet 93,7 FM, Saint-Georges-de-Beauce 96,7 FM, Saint-Pamphile 88,7 FM, Thetford-Mines 90,1 FM.

ICI MUSIQUE
Baie-St-Paul 88,9 FM, Côte de Beaupré 89,9 FM, La Malbaie 91,5 FM, Québec 95,3 FM, Sainte-Anne-de-Beaupré 89,9 FM.

Si vous avez des questions ou des commentaires concernant les aspects techniques du site Internet rendez-vous au entraide.ici.radio-canada.ca.",?,Broadcasting & Media Production Company,?,?,Canada,QC,Quebec,"888, rue Saint-Jean","888, rue Saint-Jean, Quebec, Quebec G1R 5H6",69501,7701,"535,227201"
icisaguenaylacsaintjean,ICI Saguenay–Lac-Saint-Jean,471020985450,"Y'a des matins en semaine 6 h 
Style libre en semaine 15 h 30
Le Téléjournal Saguenay-Lac-Saint-Jean 
7 jours sur 7 18 h
Le TJ extra vendredi 18 h 30",?,?,Media/News Company,Region,Lake,Canada,QC,Chicoutimi,?,"Chicoutimi, Quebec G7H 6N4",34661,11546,"400,195906"
infodimanche,Info Dimanche,176907966183,Bienvenue sur notre page Facebook! Vous voulez partager une nouvelle? Une photo? Écrivez-nous : web@infodimanche.com,"Suivez-nous aussi sur Twitter : 
http://www.twitter.com/infodimanche

infodimanche.com
72, rue Fraser
Rivière-du-Loup, QC
web@infodimanche.com
418 862-1911",?,Media/News Company,?,?,Canada,QC,Rivière-du-Loup,"72, rue Fraser","72, rue Fraser, Rivière-du-Loup, Quebec G5R 1C6",15991,1516,"24,242356"
infomantv,Infoman,133066930080591,L'actualité d'ici et d'ailleurs passée au tordeur!,"De retour au poste pour une 15e saison, Jean-René Dufort ressort sa loupe dobservation bien à lui, pourchassant sans relâche les incongruités et les aberrations de nos politiciens et de nos médias. LÉcosse, la commission Charbonneau, la course à la chefferie du PQ et les hostilités pré-électorales à Ottawa seront dans sa ligne de mire. Pendant ce temps, ses complices MC Gilles et Chantal Lamarre décrypteront quelques-uns des phénomènes de masse et autres tendances qui laissent le monde perplexe.",?,TV Show,?,?,?,?,?,?,?,154830,27404,"4242,96132"
Infopresse,Infopresse,77711207066,La référence des professionnels des communications et du design au Québec. Suivez-nous quotidiennement sur @infopresse et infopresse.com,?,?,Publisher,?,?,Canada,QC,Montreal,"4316, boulevard St-Laurent","4316, boulevard St-Laurent, Montreal, Quebec H2W 1Z3",47837,1749,"83,666913"
jdemontreal,Le Journal de Montréal,103984323029572,Le Journal de Montréal,http://fr.wikipedia.org/wiki/Le_Journal_de_Montr%C3%A9al,"Avec vous, à la recherche de la vérité...",Media/News Company,?,?,?,?,?,?,?,625336,71599,"44773,432264"
JdeQuebec,Le Journal de Québec,123603337695336,Votre carrefour pour toutes les nouvelles sur la région de la capitale nationale,"Le Journal de Québec, votre quotidien.

*Avis : Le Journal se réserve le droit de publier dans son édition papier vos commentaires et vos noms apparaissant sur cette Page Facebook . Merci.*      ",?,Newspaper,?,?,Canada,QC,Quebec,450 Béchard,"450 Béchard, Quebec, Quebec G1M 2E9",374227,43080,"16121,69916"
jefffillionradio,Jeff Fillion,12684393342,"http://www.twitter.com/jefffillion  http://www.radiopirate.com
http://www.jefffillion.com",?,?,Public Figure,?,?,Canada,QC,Quebec,?,"Quebec, Quebec",36231,1107,"40,107717"
Journal-Le-Manic-207875915892151,Journal Le Manic,207875915892151,Journal Le Manic,"Hebdomadaire distribué gratuitement a près de 16 000 exemplaires dans les municipalités de la Péninsule de Manicouagan, dans la ville de Baie-Comeau et dans les secteurs des Panoramas. Le Journal Le Manic est et demeure, depuis maintenant 12 ans, la référence en information dans la Manicouagan. 

Votre hebdomadaire Le Manic, ""L'hebdo des gens d'ici"", est un employeur d'importance et un acteur économique et social bien implanté dans la région.

Le Journal Le Manic est propriété de Les Éditions Nordiques, l'un des cinq groupes de presse reconnus par Hebdos Québec. Les Éditions Nordiques possèdent quatre journaux,  sur la Côte-Nord et dans Charlevoix. Tous occupent une place enviable dans leur communauté.",?,Newspaper,?,?,Canada,QC,Baie-Comeau,"770, De Bretagne","770, De Bretagne, Baie-Comeau, Quebec G5C 1X5",10381,1103,"11,450243"
JournalExpressDrummond,Journal L'Express de Drummondville,111462462235449,"Journal L'Express de Drummondville 1050, rue Cormier Drummondville, Québec J2C 2N6","Pour consulter nos modalités d'utilisation, cliquez ici : http://www.journalexpress.ca/Termes-et-conditions",Informer les citoyens des plus récents événements dans la grande région de Drummondville.,Newspaper,Other,Broadcasting & Media Production Company,Canada,QC,Drummondville,"1050, rue Cormier","1050, rue Cormier, Drummondville, Quebec J2C 2N6",19642,3439,"67,548838"
JournalLeCourrier,Le Courrier du Haut-Richelieu,123932807676082,Le journal le plus lu du Haut-Richelieu. Consultez toute l'actualité en temps réel au journallecourrier.ca ,"Le Courrier du Haut-Richelieu est une revue journalistique Web et imprimée.

- Actualité en temps réel au journallecourrier.ca
- 30 000 exemplaires bimensuellement
- Gratuit et accessible : nous couvrons plus de 35 Villes et municipalités
- Plus de 40 000 abonnés à notre page Facebook
- Nombreux concours et tirages en ligne
- Actualité et chroniques à saveur locale

Le Courrier du Haut-Richelieu : le journal local le plus lu.
",?,Newspaper,Advertising Agency,Business Service,Canada,QC,Saint-Jean-sur-Richelieu,192-A rue Richelieu,"192-A rue Richelieu, Saint-Jean-sur-Richelieu, Quebec J3B 6X6",42348,563,"23,841924"
journalles2rives,Les 2 Rives,133524939991445,"Les 2 Rives, votre hebdo depuis 1978!
Ce qui est écrit sur notre page Facebook peut être publié dans le journal papier.",?,?,News & Media Website,Newspaper,Media/News Company,Canada,QC,Sorel,"58, rue Charlotte","58, rue Charlotte, Sorel, Quebec J3P 1G3",10231,2110,"21,58741"
JournalLeSoleildeChateauguay,Journal Le Soleil de Châteauguay,275463874404,"Le Soleil de Châteauguay, de Gravité Média, est distribué gratuitement chaque mercredi en version imprimée dans quelque 30 000 foyers. Il diffuse aussi des nouvelles en continu au www.cybersoleil.com",Pour connaître nos modalités d'utilisation cliquez ici http://www.cybersoleil.com/termes,?,Media,?,?,Canada,QC,Châteauguay,"82, boulevard Salaberry Sud","82, boulevard Salaberry Sud, Châteauguay, Quebec J6J 4J6",12960,2689,"34,84944"
journalmetro,Journal Métro,64790844524,Métro fait le tour de l'actualité de façon concise et rapide!,?,"Suivez-nous sur Facebook! On vous parle d'actualité locale et de culture, sans oublier les nouvelles plus légères pour faire passer la journée à la job plus vite!",News & Media Website,?,?,?,?,?,?,?,153197,4382,"671,309254"
kykradiox,KYK 95.7 Radio X,117228977327,"Page officielle de KYK 95.7 Radio X 

Pour nous rejoindre : 

Message Facebook
live@kykradiox.com
418-543-5131 (Directement en ondes)",?,?,Broadcasting & Media Production Company,Radio Station,Telecommunication Company,Canada,QC,Chicoutimi,"345, des Saguenéens, Local 160","345, des Saguenéens, Local 160, Chicoutimi, Quebec G7H 6K9",26435,2019,"53,372265"
la.lesaffaires,Les Affaires,100306918236,"Bienvenue sur la page Facebook de Les Affaires ! 

","Les Affaires est le seul média à contribuer à la réussite en affaires, professionnelle et financière, de quiconque fait des affaires au Québec ou s'y intéresse de près, en offrant le meilleur journalisme d'affaires, des plateformes inédites pour faciliter le développement des affaires, et des contenus pratiques pour la gestion et les finances personnelles.

Lisez-nous et suivez-nous ici :

www.lesaffaires.com
www.linkedin.com/company/les-affaires
www.twitter.com/la_lesaffaires

Retrouvez Les Affaires aux deux semaines en version papier ou en version numérique sur iPad et Zinio, et sur lesaffaires.com tous les jours.

Pour vous abonner : http://bit.ly/1TiYofl
",?,Business & Economy Website,?,?,Canada,QC,Montreal,"1100, boul. René-Lévesque Ouest, 24e étage","1100, boul. René-Lévesque Ouest, 24e étage, Montreal, Quebec H3B 4X9",124582,5487,"683,581434"
lactualite,L'actualité,10216458583,"Média de grands reportages, d'analyse et de réflexion, L'actualité est le magazine d'information numéro un au Québec et l'un des plus grands périodiques de langue française dans le monde. www.lactualite.com",La netiquette qui régit la modération des commentaire sur cette page Facebook est celle-ci : http://www.lactualite.com/netiquette,?,Magazine,?,?,?,?,?,?,?,466422,3549,"1655,331678"
lafrontiere,La Frontière / Le Citoyen,109730386592,Pour consulter notre politique d'utilisation: http://www.lafrontiere.ca/termes ,"Journal hebdomadaire propriété de TC Media. L'actualité des régions d'Amos, Val-d'Or, La Sarre, Rouyn-Noranda et Ville-Marie. ",?,Newspaper,Media/News Company,Other,Canada,QC,Rouyn,"177, rue Taschereau Est","177, rue Taschereau Est, Rouyn, Quebec J9X 3E6",18640,2216,"41,30624"
lanouvellenet,www.lanouvelle.net,109588815731299,?,?,?,Newspaper,?,?,Canada,QC,Victoriaville,43 Rue Notre-Dame E,"43 Rue Notre-Dame E, Victoriaville, Quebec G6P 3Z4",16772,1728,"28,982016"
LaPresseFB,La Presse,78302173311,"Toutes nos nouvelles: http://www.lapresse.ca  Si vous aimez notre page, recommandez-la à vos amis.",?,Le site d'information francophone le plus complet en Amérique.,News & Media Website,?,?,?,?,?,?,?,576831,60353,"34813,481343"
laterreca,La Terre de chez nous,330389168569,La Terre de chez nous est LA référence québécoise en matière d'actualités agricoles au Québec. www.laterre.ca,Le site internet de ĞLa Terre de chez nousğ publie chaque jour des nouvelles issues du monde agricole et rédigées par des journalistes d'expérience.,?,News & Media Website,?,?,Canada,QC,Longueuil,555 boulevard Roland-Therrien,"555 boulevard Roland-Therrien, Longueuil, Quebec J4H3Y9",26087,2405,"62,739235"
lavantageqcca,L'Avantage,311812224673,Pour consulter nos modalités d'utilisation cliquez ici: http://goo.gl/ntvdqV,"Rimouski :
LAvantage votre journal est un hebdomadaire de TC  Media, distribué gratuitement chaque mercredi à plus de 37 000 foyers, par notre équipe de camelots et de distributeurs, sur le territoire des MRC Rimouski-Neigette et de la Mitis ainsi que des municipalités à l'Est des MRC des Basques et du Témiscousata.  Cela en fait lhebdomadaire possédant le plus grand réseau de diffusion à lEst de Québec : une façon simple et efficace de communiquer avec plus de 70 000 lecteurs chaque semaine. Le taux dappréciation de LAvan­tage par ses lecteurs est de 7,8 sur 10, selon la firme de Sondage Léger Marketing, lors dune étude de lectorat effectuée en 2007, et le taux de lecture se situe à 92 %. Voilà qui confirme la perspicacité de nos annonceurs qui nhésitent pas à nous confier leur budget publicitaire.

Matane :
LAvantage gaspésien a vu le jour en mars 2004. LAvantage gaspésien est un hebdomadaire de TC  média, distribué gratuitement tous les mercredis à plus de 16 000 copies, par notre équipe de ca­me­lots, de distributeurs et par Postes Canada sur le territoire de Baie-des-Sables à Rivière-Madeleine : une façon simple et efficace de communiquer avec plus de 24 000 lecteurs cha­que semaine.",?,Media/News Company,?,?,Canada,QC,Rimouski,"217, avenue Léonidas sud, Bureau 6-D","217, avenue Léonidas sud, Bureau 6-D, Rimouski, Quebec G5L 2T5",62130,3423,"212,67099"
lavoixdelest,La Voix de l'Est,180973521937146,"Quotidien La Voix de l'Est
www.lavoixdelest.ca | http://twitter.com/lavoixdelest
redaction@lavoixdelest.ca
http://instagram.com/lavoixdelest","Notre site : www.lavoixdelest.ca
Notre compte Twitter : http://twitter.com/lavoixdelest
",?,Newspaper,?,?,Canada,QC,Granby,76 rue Dufferin,"76 rue Dufferin, Granby, Quebec J2G 9L4",15278,2074,"31,686572"
le.show.du.matin.CHOI981,"Gravel dans le retour - Radio X 98,1",118869274694,"Gravel dans le retour, lundi au vendredi, 15h à 18h!","jfblais@radiox.com pour nous faire parvenir vos scoops, vos histoires, vos sujets. N'hésitez pas !!!",?,Radio Station,Broadcasting & Media Production Company,Media,Canada,QC,Quebec,"1134, Grande-Allée Ouest","1134, Grande-Allée Ouest, Quebec, Quebec G1S 1E5",34357,1005,"34,528785"
Le1518,Le 15-18,493770360693544,"Émission de retour à la maison sur ICI Radio-Canada Première animée par Annie Desrochers. En ondes du lundi au vendredi de 15 h à 18 h au 95,1.","Au menu : entrevues, chroniques, analyses et débats sur les sujets chauds du jour aussi bien régionaux, nationaux quinternationaux.

Animation : Annie Desrochers 
Sports : Jean-Patrick Balleux 
Culture : Catherine Richer
Météo : Eve Christian 
Circulation : Yves Desautels

Reportages : Danny Braun, Dominic Brassard et Francis Labbé 
Chroniques :  
Michel C. Auger (Analyse politique) 
Marie-France Bazzo (Actualité) 
Simon Jodoin (Actualité)
Marc-André Carignan (Politique et actualité municipales) 
Jean-François Nadeau (Histoire de Montréal) 
Guy Bertrand (Linguistique) 
François Brousseau (Actualité internationale) 
Elizabeth Plank (Actualité américaine) 
Suzanne Coupal (Justice) 
Gérald Fillion (Économie) 
Fred Savard (Apéro intello) 

Recherche : Myriam Lemay-Gosselin, Hélène Bédard et André Dufresne 
Mise en ondes : Linda Pine
Assistante à la réalisation : Martine Roy 
Réalisation : Philippe Brazeau
Site Internet et réseaux sociaux : Catherine Contant

Veuillez noter que nous suivons la nétiquette de Radio-Canada pour effectuer la modération de cette page : http://www.radio-canada.ca/histoire/netiquette.html",?,Broadcasting & Media Production Company,?,?,Canada,QC,Montreal,?,"Montreal, Quebec",18218,1730,"31,51714"
lecanadafrancais,Journal Le Canada français,255561392521,L'hebdo du Haut-Richelieu depuis 150 ans.,"Le Canada Français fait partie du groupe de presse icimédias. Lobjectif de cette page est de diffuser les histoires faisant vibrer les gens de la ville et engager la conversation avec eux sur les sujets qui les interpellent.
",?,Newspaper,?,?,Canada,QC,Saint-Jean-sur-Richelieu,"315, rue MacDonald, bureau 250","315, rue MacDonald, bureau 250, Saint-Jean-sur-Richelieu, Quebec J3B 8J3",20524,1016,"20,852384"
lechoabitibien,L'Écho Abitibien,252516926738,"Pour connaître nos politiques d'utilisation et de confidentialité, cliquez ici: 

http://tctranscontinental.com/privacy-policy","L'Écho Abitibien est un hebdomadaire vendu le vendredi. Le Citoyen est un hebdomadaire gratuit dont la date de parution est le mercredi. Le site web comprend tous les articles écrits dans ces deux publications.

Cette page est ouverte aux commentaires des citoyens. Nous prions les internautes de rester polis. Il est interdit de soumettre du contenu discriminatoire, insultant ou inapproprié, qui pourrait être retiré de notre page à notre discrétion.",?,Newspaper,?,?,Canada,QC,Val-d'Or,1462 rue de la Québécoise,"1462 rue de la Québécoise, Val-d'Or, Quebec J9P 5H4",19374,1693,"32,800182"
leclaireurprogres,L'Éclaireur Progrès,120296008004909,"Pour consulter nos modalités d'utilisation, cliquez ici: http://bit.ly/1xkHPsz ","Suivez-nous pour tout savoir sur l'actualité en Beauce. L'Éclaireur-Progrès, votre journal depuis plus de 100 ans. 
Vous pouvez aussi nous suivre sur Twitter: @EclairProgres

Contactez-nous: 
418 228-8858 
redaction@leclaireurprogres.ca
www.leclaireurprogres.ca",?,Media/News Company,?,?,Canada,QC,Saint-Georges,"710, 98e Rue","710, 98e Rue, Saint-Georges, Quebec G5Y 8G1",6384,982,"6,269088"
ledevoir,Le Devoir,98317905527,Libre de penser  http://www.ledevoir.com,?,"La mission première du Devoir est d'informer ses lecteurs et d'alimenter la réflexion au sein du public. Témoin honnête, libre et responsable, il n'obéit qu'à ses propres critères pour établir son traitement de l'actualité et la hiérarchie des informations qu'il présente à ses lecteurs.",News & Media Website,?,?,Canada,QC,Montreal,"1265 rue Berri, 8e étage","1265 rue Berri, 8e étage, Montreal, Quebec H2L 4X4",263064,15013,"3949,379832"
LeDroitca,Le Droit,152738728079652,"Le journal Le Droit, le quotidien francophone d'Ottawa-Gatineau.",?,?,Broadcasting & Media Production Company,Newspaper,News & Media Website,Canada,ON,Ottawa,"47, rue Clarence, bureau 222","47, rue Clarence, bureau 222, Ottawa, Ontario K1G 3J9",20527,1073,"22,025471"
LeNordCotier,Le Nord-Côtier,254400736372,"719, Boul. Laure
Sept-Îles (QC) 
G4R 1Y2 

www.lenord-cotier.com
twitter.com/lenordcotier
journal@lenord-cotier.com
(418) 960-2090 
(418) 968-3129 (téléc.) 

PROPRIÉTAIRES 
Simon Brisson 
Gino Lévesque

DIRECTEUR GÉNÉRAL 
Gino Lévesque","23 mars 2007 - Première parution du Journal Le Nord-Côtier 

",?,Newspaper,?,?,Canada,QC,Sept-Îles,"719, boulevard Laure","719, boulevard Laure, Sept-Îles, Quebec G4R 1Y2",15424,2199,"33,917376"
lenouvelliste,Le Nouvelliste,103058656428479,"Le Nouvelliste, votre quotidien régional depuis plus de 90 ans!","Le Nouvelliste, quotidien propriété de Groupe Capitales Médias, dessert les grandes régions de la Mauricie et du Centre-du-Québec.

Notre site internet
www.cyberpresse.ca/le-nouvelliste/

Notre version électronique
http://www.lenouvellistesurmonordi.ca/

Pour contacter notre salle de nouvelles: 819-693-5464
",?,Broadcasting & Media Production Company,?,?,Canada,QC,Trois-Rivières,"1920, rue Bellefeuille","1920, rue Bellefeuille, Trois-Rivières, Quebec G9A 3Y2",35462,2933,"104,010046"
LeQuotidienProgres,Le Quotidien,290633408116,Leader de l'information régionale au Saguenay-Lac-Saint-Jean. Pour nous contacter: redaction@lequotidien.com ou 418-690-8800,?,"Relater les faits d'actualité de notre région, et ce, sur une base quotidienne.",Broadcasting & Media Production Company,?,?,Canada,QC,Chicoutimi,1051 boulevard Talbot,"1051 boulevard Talbot, Chicoutimi, Quebec G7H 5C1",23949,3913,"93,712437"
LeRefletduLac,Le Reflet du Lac,120816134637957,?,?,"Rapporter les nouvelles (politique, sportive, communautaire, culturelle) de la région desservie",Media,Media/News Company,Company,Canada,QC,Magog,"53, rue Centre (bureau 300)","53, rue Centre (bureau 300), Magog, Quebec J1X 5B6",13897,1941,"26,974077"
lesacdechips,Le sac de chips,574845642586113,"Quand on commence, on ne s'arrête plus","Quand on commence, on ne s'arrête plus!",?,News & Media Website,?,?,?,?,?,?,?,71870,3259,"234,22433"
lesoleildequebec,"Le Soleil, le quotidien de Québec",192978590727638,"Le Soleil est la référence en information à Québec. Sur Twitter: @cyblesoleil Sur Instagram: @lesoleildequebec Sur Pinterest: @lesoleilquebec Sur Youtube: http://bit.ly/2AljXIa
",?,?,Media/News Company,?,?,Canada,QC,Quebec,"410, boulevard Charest Est","410, boulevard Charest Est, Quebec, Quebec G1K 7J6",60292,7463,"449,959196"
lhebdodustmaurice,L'Hebdo du St-Maurice,245901508753940,Le complément d'information à VOTRE hebdo local de TC Media: www.lhebdodustmaurice.com ,"Bienvenue sur la Page Facebook de l'Hebdo du St-Maurice. Celle-ci est un complément d'information à votre hebdo local de Ici Médias. Nous vous invitons à Ğaimerğ notre page pour être mis au courant de votre actualité locale régulièrement.

L'Hebdo vous fournit en actualités, mais s'intéresse également à ce que vous avez à dire et à ce que vous pensez.

",?,Broadcasting & Media Production Company,?,?,Canada,QC,Shawinigan,"1672, avenue Saint-Marc","1672, avenue Saint-Marc, Shawinigan, Quebec G9N 2H4",15507,1420,"22,01994"
Mario-Dumont-LCN-152848078188028,Mario Dumont LCN,152848078188028,?,?,?,TV Show,?,?,?,?,?,?,?,24944,1974,"49,239456"
MAURAIS.LIVE,Maurais Live - Radio X,218942341504026,"MAURAIS LIVE-Le matin, de 5h30 à 9h30, avec Dominic Maurais, JC Ouellet, Dan Gravel et Laurent Gaulin.  En semaine, à RadioX, CHOI 98,1fm.",?,?,Radio Station,?,?,?,?,?,?,?,25840,3058,"79,01872"
meteomedia,MétéoMédia,8157654607,Restez à laffût des plus récentes prévisions et nouvelles météorologiques. Joignez-vous à nous et téléchargez votre #MomentMeteo ici: http://goo.gl/RVcVmI ?,"Restez à laffût des plus récentes prévisions, nouvelles et vidéos météorologiques. Nhésitez pas à partager avec nous vos #MomentMeteo: goo.gl/zDqG3b",?,News & Media Website,?,?,?,?,?,?,?,260819,21338,"5565,355822"
montrealgazette,Montreal Gazette,273805206181,Keep the news with you at all times with the Montreal Gazette.  ,?,?,News & Media Website,?,?,?,?,?,?,?,150730,12732,"1919,09436"
naitreetgrandir,Naître et grandir,63358436494,Magazine et site web sur la grossesse et le développement des enfants de 0 à 8 ans,"Naître et grandir est à la fois un magazine et un site internet dont le but est d'accompagner les parents dans leur rôle auprès de leur enfant, dès la conception jusqu'à 8 ans. Les textes courts et concrets sont validés scientifiquement et rédigés dans un langage simple et accessible.

Plusieurs sujets y sont abordés, notamment le développement, le jeu, l'éducation, la santé, la nutrition et la psychologie. Naître et grandir ne diffuse aucune publicité et s'engage à une indépendance absolue à propos de son contenu.

Des campagnes Naître et grandir visent également à sensibiliser les parents et l'ensemble de la société québécoise à l'importance de favoriser le développement des enfants, dès leur plus jeune âge, afin de créer des conditions et des environnements propices à leur réussite éducative. ","La mission de Naître et grandir est de soutenir quotidiennement les parents québécois dans leur rôle auprès de leur enfant, de la conception jusquà 8 ans.",Media/News Company,?,?,?,?,?,?,?,271709,7269,"1975,052721"
protegezvous,Protégez-Vous,131271093563675,"Organisme sans but lucratif indépendant de toute influence commerciale, qui réalise des tests sur des milliers de produits, dans des labos spécialisés.","Pour contacter la rédaction : 
courrier@protegezvous.ca 

Pour contacter le service des abonnements : service@protegezvous.ca
1 866 895-7186 (lundi au vendredi de 8 h à 20 h et le samedi de 10 h à 17 h)

Protégez-Vous ne répondra pas systématiquement aux commentaires et questions laissés sur cette page Facebook. 

Facebook se veut un lieu de diffusion regroupant des opinions, des cas vécus et des enjeux formant une information complémentaire variée et aux multiples points de vues.

Nétiquette de Protégez-Vous:

1. Respect: Les propos grossiers, offensants, diffamatoires, les menaces ou les incitations à la violence ou à la haine ne seront pas acceptés, de même que les messages visant à dénigrer un individu ou une entreprise.

2. Publicité et relations publiques: Protégez-Vous refusera dafficher sur sa page tout message visant la vente ou la promotion dun bien ou dun service. Il en va de même pour tout appel à laction et arguments visant à utiliser un service ou à adhérer à un organisme politique, religieux ou autre. Les propos incitant à des pratiques malhonnêtes ou illégales seront aussi supprimés.

3. Droit de non publication: Protégez-Vous se réserve le droit de supprimer tout message qui enfreint les règles de nétiquette ou encore de supprimer certains messages trop longs.

-----------------------------------

www.protegezvous.ca
www.dataconso.ca
www.twitter.com/protegezvous
www.youtube.com/protegezvous
www.vimeo.com/protegezvous
www.pinterest.com/protegezvous
www.instagram.com/protegezvous
https://itunes.apple.com/ca/app/protegez-vous/id524994417
https://plus.google.com/u/0/101037916971915568652

","Protégez-Vous, cest un organisme sans but lucratif. Cest une équipe allumée qui, au moyen dun site web, dapplications, de guides pratiques, dun magazine et dinitiatives tels les sceaux ĞProtégez-Vous recommandeğ, vous offre des conseils avisés. Indépendants de toute influence commerciale, car soutenus par nos abonnés, nos experts effectuent chaque année des dizaines de tests sur des milliers de produits, dans des laboratoires spécialisés. En outre, ils réalisent des sondages rigoureux et mènent des enquêtes autonomes permettant de faire ressortir les meilleurs choix en matière de consommation.

Protégez-Vous rejoint 300 000 citoyens par le biais de ses publications, de ses infolettres et des réseaux sociaux. Nous sommes membres de lInternational Consumer Research and Testing, qui regroupe plus de 35 organismes répartis sur tous les continents et dont lactivité principale est de réaliser des tests sur des produits de consommation.",Media/News Company,?,?,Canada,QC,Montreal,?,"Montreal, Quebec",160145,4090,"654,99305"
quotidienlatribune,La Tribune,315133550256,http://www.latribune.ca,?,?,Newspaper,Advertising/Marketing,Broadcasting & Media Production Company,Canada,QC,Sherbrooke,1950 Roy,"1950 Roy, Sherbrooke, Quebec J1K2X8",32059,19259,"617,424281"
radiocanada.info,Radio-Canada Information,131191820259167,"L'actualité au quotidien, avec vous. Et sur http://ici.radio-canada.ca.","L'actualité au quotidien, avec vous. Et sur http://ici.radio-canada.ca.

Merci de respecter la nétiquette lors de vos échanges, et surtout de demeurer respectueux des autres internautes, sans quoi vous courez le risque d'être bannis ne notre tribune : http://ici.radio-canada.ca/apropos/conditionsutilisation/netiquette/

Veuillez noter que nous effectuons une modération de base des commentaires, mais que nous n'avons pas la capacité de tous les lire. Merci de nous signaler les commentaires que vous jugez inappropriés.",?,News & Media Website,?,?,Canada,QC,Montreal,"1400, boulevard René-Lévesque Est","1400, boulevard René-Lévesque Est, Montreal, Quebec H2L 2M2",640965,50501,"32369,373465"
radiocanada.science,Radio-Canada Science,1093913860657127,"L'actualité scientifique au quotidien! On vous parle de science, santé et environnement. Suivez-nous!","L'actualité scientifique au quotidien, avec vous! Radio-Canada vous parle de science, santé et environnement.

Merci de respecter la nétiquette lors de vos échanges, et surtout de demeurer respectueux des autres internautes, sans quoi vous courez le risque d'être bannis ne notre tribune : http://ici.radio-canada.ca/apropos/conditionsutilisation/netiquette/

Veuillez noter que nous effectuons une modération de base des commentaires, mais que nous n'avons pas la capacité de tous les lire. Merci de nous signaler les commentaires que vous jugez inappropriés.",?,Media/News Company,?,?,Canada,QC,Montreal,"1400, boulevard René-Lévesque Est","1400, boulevard René-Lévesque Est, Montreal, Quebec H2L 2M2",29957,6114,"183,157098"
radiocanada.sports,Radio-Canada Sports,163083777048046,"Les nouvelles sportives de Radio-Canada, diffuseur officiel des Jeux olympiques jusqu'en 2024.

Twitter/Instagram : RC_Sports ",?,?,News & Media Website,?,?,?,?,?,?,?,67133,8438,"566,468254"
radioxquebec,"Radio X - CHOI 98,1",103399319745858,"CHOI 98,1 Radio X est LA station radiophonique de Québec. Ses opinions tranchées et pertinentes sur des sujets chauds de l'actualité ainsi que sa forte personnalité font de Radio X l'incontournable de la Capitale.","CHOI 98,1 Radio X est LA station radiophonique de Québec. Ses opinions tranchées et pertinentes sur des sujets chauds de l'actualité ainsi que sa forte personnalité font de Radio X l'incontournable de la Capitale.",?,Broadcasting & Media Production Company,?,?,?,?,?,?,?,54945,1277,"70,164765"
radpointca,Rad,115457012314003,Un laboratoire de journalisme de Radio-Canada,Un laboratoire de journalisme de Radio-Canada,Tester de nouvelles façons de vous informer,Media/News Company,?,?,Canada,QC,Montreal,1400 Boulevard René-Lévesque E,"1400 Boulevard René-Lévesque E, Montreal, Quebec H2L 2M2",20734,1444,"29,939896"
rdieconomie,RDI Économie,273070192878526,"Lundi au vendredi à 18h30 HE sur les ondes d'ICI RDI
Notre courriel : rdieconomie@radio-canada.ca","RDI économie, c'est pour tout le monde le moindrement un peu curieux. Le but de l'émission est d'expliquer les enjeux socioéconomiques. L'économie fait partie de notre vie quotidienne et au coeur de nombreuses décisions politiques ici comme ailleurs. S'intéresser à ce qui se passe dans l'économie, c'est s'engager à mieux comprendre le monde dans lequel on vit, c'est se donner les moyens de faire partie des décisions et non de les subir. Posez-nous vos questions!",?,TV Show,?,?,?,?,?,?,?,63963,5763,"368,618769"
RDS,RDS,132756582352,La page Facebook de RDS. Le sport sans limites! Retrouvez toutes les nouvelles du sport sur www.rds.ca.,?,"Informer et divertir tous les amateurs de sports par le biais de nouvelles, analyses, images, vidéos, webdiffusions, de même que différents jeux et autres applications interactives.",TV Network,?,?,Canada,QC,Montreal,"1755, Boul. René-Lévesque Est","1755, Boul. René-Lévesque Est, Montreal, Quebec H2K 4P6",367942,23879,"8786,087018"
SaintFrancoisTCMedia,Le Journal Saint-François,541550695869194,"Le Saint-François est un journal de Gravité Media distribué gratuitement chaque mercredi dans quelque 35 800 foyers de Valleyfield, Soulanges et la région. ","Hebdomadaire et site web de Gravité Média couvrant les villes de Salaberry-de-Valleyfield, Soulanges et la région. http://www.journalsaint-francois.ca",?,Media/News Company,?,?,Canada,QC,Salaberry-de-Valleyfield,55 rue Jacques-Cartier,"55 rue Jacques-Cartier, Salaberry-De-Valleyfield, Quebec J6T 4R4",16091,2637,"42,431967"
SalutBonjour.tv,Salut Bonjour,119123001761,Lundi au dimanche 6h00 @ 10h00    Réseau TVA http://tva.canoe.ca/emissions/salutbonjour/,?,?,TV Show,?,?,?,?,?,?,?,575843,27137,"15626,651491"
SympaticoPortail,Sympatico,144006416284, Vous êtes au bon endroit pour rester au fait des nouvelles et des points de vue en provenance du portail Sympatico.ca. ,Vous êtes au bon endroit pour rester au fait des nouvelles et des points de vue en provenance du portail Sympatico.ca.,"Vous êtes au bon endroit pour rester au fait des nouvelles et des points de vue en provenance du portail Sympatico.ca. Cliquez ""LIKE"" ou ""J'AIME"" sur cette page pour ne rien manquer de l'Actualité, des informations, du sport, des potins de stars d'ici et d'ailleurs, ainsi que des nouveautés dans les domaines de l'automobile, du voyage, de la mode, de la décoration et entretien d'une maison, etc.

Nous désirons avoir de vos nouvelles. Nous ferons de notre mieux pour que les affichages conservent leur caractère familial sur cette page. Il se pourrait toutefois que nous ne soyons pas toujours en mesure de vérifier chacun des affichages. Nous comptons sur vous pour rester polis et suivre quelques directives axées sur le bon sens lorsque vous partagez vos idées, vos photos ou toute autre information de circonstance.

Veuillez ne pas afficher dinformation qui :
représente une attaque personnelle ;
constitue un pourriel, y compris une promotion ou toute autre forme de publicité personnelle ;
ne vous appartient pas, sans donner votre permission ou le crédit approprié ;
soit de nature offensive, obscène, diffamatoire ou abusive ;
soit de nature frauduleuse ou trompeuse ;
soit de nature illégale ou interdite. 

Sympatico.ca se réserve le droit de retirer tout affichage de quiconque dérogerait au bon goût en tenant des propos grivois ou déplacés. 

Les affichages sur la page Facebook de Sympatico.ca ne sont pas représentatifs des opinions des organismes derrière Sympatico.ca ou Bell. Nous ne sommes pas en mesure non plus de confirmer leur justesse. Pour plus de renseignements sur les conditions dutilisation de Sympatico.ca, veuillez visiter http://www.bellmedia.ca/fr/conditions-des-sites-web-bell-media/ .
",News & Media Website,?,?,?,?,?,?,?,92386,10541,"973,840826"
tabloid.co,TABLOÏD,355706981519859,Histoires sans filtre.,?,Histoires sans filtre.,Media,?,?,?,?,?,?,?,2726,202,"0,550652"
TeleQc,Télé-Québec,432743573441081,Fréquentez-nous le plus souvent possible : cette télévision est faite pour vous! www.telequebec.tv,"Passionné(e)s de Télé-Québec, bienvenue!
Nous vous encourageons à partager ici vos commentaires et réactions à légard de tout ce qui se diffuse sur notre chaîne et sur toute autre plateforme (web, mobile, etc.) exploitée par Télé-Québec.  Nous aimons interagir avec vous, alors n'hésitez pas à vous exprimer et à échanger sur cette page! 

Cependant, nous comptons sur vous afin de faire preuve de courtoisie et de respect dans vos interventions. Avec l'objectif de favoriser des échanges agréables, nous tenons à vous informer de notre nétiquette régissant la façon dont les utilisateurs peuvent contribuer à cette page Facebook.

Veuillez donc vous référer à notre politique de nétiquette : http://www.telequebec.tv/corporatif/?section=netiquette

Merci de votre collaboration, de faire partie de notre communauté Facebook et au plaisir d'échanger avec vous!


",?,TV Channel,?,?,Canada,QC,Montreal,?,"Montreal, Quebec H2K 3L7",78067,19362,"1511,533254"
tvaabitibi,TVA Nouvelles Abitibi-Témiscamingue,145458018925308,Vos rendez-vous d'information en Abitibi-Témiscamingue: 12h15 et 17h58.,"Des journalistes aux quatre coins de l'Abitibi-Témiscamingue.
Un bilan complet de ce qui se passe dans votre région.",?,Media/News Company,?,?,?,?,?,?,?,20346,819,"16,663374"
tvaestduquebec,TVA Est-du-Québec,134592973261866,"Bienvenue sur la page Facebook de TVA Est-du-Québec, pour tout savoir et tout voir sur votre télé #1 dans la région.","Nos productions locales :
- Le TVA nouvelles midi édition régionale, animé par Martin Blanchet (du lundi au vendredi, de 12:15 à 12:30)
- Le TVA Nouvelles 18h édition régionale, animé par Martin Blanchet (du lundi au vendredi, de 18:15 à 18:30)","Vous informer, vous divertir et vous offrir un produit de qualité, telle est la mission quotidienne de TVA Est-du-Québec !",Broadcasting & Media Production Company,TV Network,Other,Canada,QC,Rimouski,"465, boulevard Sainte-Anne","465, boulevard Sainte-Anne, Rimouski, Quebec G5M 1G1",20994,1487,"31,218078"
tvagatineauottawa,TVA Gatineau-Ottawa,213820898747207,Le leader de l'information à Gatineau-Ottawa.,"Miroir de la société, TVA Gatineau-Ottawa, une station du groupe RNC Media inc., est dirigée par des gens d'ici. Des gens passionnés qui, depuis plus de trente ans, ont cru et croient encore en la réussite d'une station de télévision régionale francophone au service de sa communauté. 

Toujours au premier rang des émissions de langue française dans le marché de la région, TVA Gatineau-Ottawa poursuit sa mission d'excellence. La station produit des émissions de nouvelles locales quotidiennement. Le TVA Nouvelles Gatineau-Ottawa dresse un bilan complet de l'actualité se déroulant dans l'Outaouais québécois, mais également en provenance d'Ottawa et de l'Est ontarien. Vous y retrouverez des sujets qui préoccupent et concernent la population de la région que ce soit dans le domaine de la santé, de l'éducation, de la politique, de l'économie, du sport ou du secteur communautaire. Pour être bien informé de ce qui se passe chez vous, l'équipe de TVA Gatineau-Ottawa est au rendez-vous!",?,TV Channel,?,?,?,?,?,?,?,52999,3504,"185,708496"
TVAnouvelles,TVA Nouvelles,163706859094,TVAnouvelles.ca,?,?,TV Network,?,?,?,?,?,?,?,1014038,163109,"165398,724142"
tvaquebec,TVA Québec,122398244448311,Bienvenue! Les publications sont rédigées par la salle de nouvelles et le marketing de TVA Québec. Vous avez une nouvelle? nouvelles.quebec@tva.ca,"Bienvenue sur la page TVA Québec ! 

Soyez à l'affût des dernières nouvelles et des concours !

Les publications sont rédigées par la salle de nouvelles et le marketing. 

Nous écrire à: 

Vous avez une nouvelle ? 
Écrivez-nous à cette adresse courriel: nouvelles.quebec@tva.ca 

Ou le numéro suivant :  418-688-2030

Merci !",?,TV Network,?,?,?,?,?,?,?,46656,3418,"159,470208"
TVASaguenayLacStJean,TVA Saguenay-Lac-St-Jean,154703251237678,Bienvenue sur la page Facebook de TVA Saguenay-Lac-Saint-Jean!,?,"Le 14 avril 1963 marquait le début dune grande aventure.  Par le biais de son antenne,   visible à des kilomètres à la ronde, CJPM fait son entrée en ondes .   

Pour John et Paul Murdock premiers bâtisseurs de lépoque , la mise en opération de ce poste de télévision est avant tout Ğune marque de confiance dans lavenir de notre région ğ.   La tâche est colossale car la télé québécoise est encore jeune. Les artisans doivent apprendre leur métier en direct, parfois même linventer. Le petit écran a de grandes ambitions . 

De télé-métropole à TVA, la télévision du Saguenay-Lac-Saint- Jean innove et entre dans lère de linformation . TVA CJPM souvre plus que jamais sur le monde et capte lhistoire de la région.",Media/News Company,?,?,?,?,?,?,?,27906,2141,"59,746746"
TVASherbrooke,TVA Sherbrooke,167332933286664,Positions : Vidéotron Câble 04 | HD 604 | Shaw Direct 718 | Bell TV 107 | Ondes hertziennes 07,"TVA Nouvelles, lundi au vendredi, 12 h 15 et 18 h 10
Suivez Stéphane Lévesque et l'équipe de journalistes les plus expérimentés en Estrie.
",?,TV Channel,?,?,Canada,QC,Sherbrooke,"3330, rue King Ouest","3330, rue King Ouest, Sherbrooke, Quebec J1L 1C9",41315,972,"40,15818"
TVASports,TVA Sports,127476907331141,La page Facebook officielle de la chaîne TVA Sports.,La page Facebook officielle de la chaîne TVA Sports.,?,TV Network,?,?,?,?,?,?,?,318553,24887,"7927,828511"
tvatroisrivieres,TVA Trois-Rivières,126132734088267,"Pour nous joindre :TVA Trois-Rivières :
(819) 376-8880 
Salle des nouvelles : (819) 376-8884 
Service des ventes :  (819) 376-8880",?,"Vous informer, vous divertir, vous servir! 
",TV Channel,?,?,?,?,?,?,?,39629,3543,"140,405547"
URBANIA,URBANIA,70366134138,"Baveux, mais pas moqueur. Drôle, mais pas léger. Authentique, mais pas banal.","Fabriqué à Montréal depuis 2003, il sadresse à une communauté de gens curieux qui ont soif dun média intelligent, irrévérencieux et fougueux.","La mission quURBANIA sest donnée, cest dêtre daudacieux anthropologues de la culture populaire et de la société, tous âges et toutes classes sociales confondus.

Que ce soit à travers son magazine, son site web, ses séries télé ou ses événements, URBANIA est une tribune, un portevoix pour des points de vue singuliers, des témoignages troublants, des idées à tester et des coups de gueule qui frappent, provoquent des réactions et renversent les perceptions.

Fabriqué à Montréal depuis 2003, il sadresse à une communauté de gens curieux qui ont soif dun média intelligent, irrévérencieux et fougueux.",Media/News Company,?,?,Canada,QC,Montreal,880 ROY E. #200,"880 ROY E. #200, Montreal, Quebec H2L 1E6",113268,18134,"2054,001912"
vicequebec,VICE Québec,1685274481760509,?,?,?,Media/News Company,?,?,?,?,?,?,?,111954,32763,"3667,948902"
