Contact,Categorie,Story,Message,Lien,Site,Media,Titre,Legende,Description,Type,Jaime,Commentaires,Partages
Sen Fortier,"",Sen Fortier a commenté ça.,"",http://www.gramophone.co.uk/feature/minimalism-at-50?pmtx=most-popular&utm_expid=32540977-5.-DEFmKXoQdmXwfDwHzJRUQ.1&utm_referrer=https%3A%2F%2Fwww.google.ca%2F,www.gramophone.co.uk,"",Matthieu,"","Reich a clairement planté Boulez, et c'est pour le mieux. «History is written by the victors, and there’s no doubt that the minimalist composers consider themselves to have triumphed; where the modernism of Stockhausen, Boulez and Nono had alienated genuine music-lovers, the progress and audience credibility of Western classical music had been rescued by minimalists’ determination to show atonality the red card.»",link,9,5,0
Matthieu Dugal,"","","Reich a clairement planté Boulez, et c'est pour le mieux. «History is written by the victors, and there’s no doubt that the minimalist composers consider themselves to have triumphed; where the modernism of Stockhausen, Boulez and Nono had alienated genuine music-lovers, the progress and audience credibility of Western classical music had been rescued by minimalists’ determination to show atonality the red card.»",http://www.gramophone.co.uk/feature/minimalism-at-50?pmtx=most-popular&utm_expid=32540977-5.-DEFmKXoQdmXwfDwHzJRUQ.1&utm_referrer=https%3A%2F%2Fwww.google.ca%2F,www.gramophone.co.uk,"",Minimalism at 50 | gramophone.co.uk,gramophone.co.uk,"The humble and subservient arpeggio, which had always been one of music’s essential building blocks as the staging posts around which melodies were constructed and as the filigree of Classical passagework, found itself in the foreground of modern composition during the mid-1960s. It was as if a mino…",link,9,5,0
Mikael Lebleu,"",Mikael Lebleu et Marie-Claude Ducas ont partagé un lien.,"",http://www.journaldemontreal.com/2015/06/20/journalisme-et-publicite-le-debat,www.journaldemontreal.com,Journal de Montréal,Journalisme et publicité: le débat,journaldemontreal.com,"Trop de gens, dans les médias, ont pu se payer le luxe d’ignorer longtemps cette réalité: les médias sont des entreprises.",link,3,0,0
Sen Fortier,"",Sen Fortier a commenté ça.,"",http://www.ft.com/cms/s/0/73b8d03e-d892-11e4-ba53-00144feab7de.html#ixzz3dXOkErr9,www.ft.com,"",Matthieu,"","Tellement dans mes lectures d'été. Wô. «The authors of The Future of Violence argue, the threats no longer come from foreign armies approaching the shore. They could come from anywhere — even in the form of a miniature, spider-like drone sent into your shower to inject you with a virus. [...] Most of the ideas are for lawmakers. The authors advocate intermediary regulation — targeting the companies that own the cables that enable individual crime — rather than just trying to prosecute the criminals responsible. They propose changes to the system whereby software manufacturers are rarely liable for the holes in their work, much as carmakers used to escape charges for crashes even when they were caused by known manufacturing faults.",link,7,2,0
Matthieu Dugal,"","","Tellement dans mes lectures d'été. Wô. «The authors of The Future of Violence argue, the threats no longer come from foreign armies approaching the shore. They could come from anywhere — even in the form of a miniature, spider-like drone sent into your shower to inject you with a virus. [...] Most of the ideas are for lawmakers. The authors advocate intermediary regulation — targeting the companies that own the cables that enable individual crime — rather than just trying to prosecute the criminals responsible. They propose changes to the system whereby software manufacturers are rarely liable for the holes in their work, much as carmakers used to escape charges for crashes even when they were caused by known manufacturing faults.",http://www.ft.com/cms/s/0/73b8d03e-d892-11e4-ba53-00144feab7de.html#ixzz3dXOkErr9,www.ft.com,"","‘The Future of Violence’, by Benjamin Wittes and Gabriella Blum - FT.com",ft.com,"The tools for cyber attacks and biological warfare are growing ever smaller and ever more accessible. Indeed, it is not unfeasible that each individual could have access to their “own personal weapons of mass destruction programme”. As such, the",link,7,2,0
Matthieu Stréliski,"",Matthieu Stréliski et Catherine Lachaussée ont partagé un lien.,"",http://ici.radio-canada.ca/emissions/c_est_pas_trop_tot/2014-2015/chronique.asp?idChronique=376211,ici.radio-canada.ca,Radio-Canada,Infoman : « On vit dans une province de morons » | C'est pas trop tôt! | ICI Radio-Canada Première,ici.radio-canada.ca,Infoman : « On vit dans une province de morons »,link,0,0,0
Yannick Cimon Mattar,"","","Ce grand champion de course à réussi à blâmer les ""montréalais séparatistes gauchistes"" et les impôts pour le manque d'intérêt des gens envers les événements à Québec. 

Je suis désolé pour Sylvain Bouchard, que je tiens d'ailleurs en grand respect, mais les gens de et du Québec on suffisamment d'argent dans leurs poches pour consommer des spectacles et des événements. Ils font simplement des choix différent. Ils choisissent des belles voitures plutôt que le transport en commun, des belles maisons de banlieue ou des condo hors de prix. Ils choisissent d'aller au resto plus souvent, etc et c'est correct... On ne peut pas tout faire!

Vous savez bien d'où je viens et ce que je fais dans la vie. Mon opinion c'est qu'on est responsable d'offrir aux gens des événements intéressants si on veut qu'ils y participent. Sur ce point, Yann Latouche et son équipe sont plus que qualifiés pour redresser la situation du carnaval et ce même sans baisse d'impôt ou sans devoir affranchir tout les maudits gauchistes de Montréal. Le FEQ lui à aussi une excellente programmation mais c'est normale que la passion des gens de Québec pour le festival fluctue. 140000 passeport c'est plus que tout autre événements au Canada et probablement autant que les gros festivals américains et européen. Tout ça dans un marché unilingue francophone et monochrome blanc comme Québec. Bravo!

C'est trop facile de dire que c'est la faute des autres. Réfléchi un peu mon Sylvain avant de jouer à l'expert!",http://www.fm93.com/lecteur/audio/vente-de-billets-les-gros-evenements-a-quebec-tr-276864.mp3,www.fm93.com,"",Bouchard en parle : Vente de billets : Les gros évènements à Québec traînent de la patte ! • FM93,www.fm93.com,"FM93 - L'actualité qui vous parle ! nouvelles, actualité, analyses, météo, finance, monde, circulation, radio en direct...",link,25,6,0
Sophie Dowse,"","","Wow, c'est ti-pas franchement merveilleux comme projet ça? Je rêve de faire une version ""Sophioresque"" de ça chez nous, à St-Gabriel. On devrait se faire un réseau, un genre de parcours, un peu comme la route de la bière, mais pour les roulottes-boutiques dans le Bas St-Laurent. :D",https://www.facebook.com/pages/La-Roulotte-Bleue/353562398148913,www.facebook.com,"",La Roulotte Bleue,"","L'incontournable roulotte bleue est un lieu inédit de création où se côtoient le verre et la céramique. Vous y trouverez le travail de Judith Dubord et de Dominique Beaupré St-Pierre : Bijoux, bols, assiettes, mini-serres, sculptures et +. La Roulotte Bleue est plus qu’une boutique, c’est un atelier estival, joyeux et ludique. Venez vous imprégner de l'univers de ces 2 artistes qui vous proposent des démonstrations de verre au chalumeau dans leur micro-atelier. Ne manquez pas l'ouverture, en juin 2015, à St-Roch-des-Aulnaies tout près de St-Jean-Port-Joli....",link,1,0,0
Antoine Ross Trempe,"","",Bon samedi Pierrot.,http://i.imgur.com/nsFUwJ1.gifv,i.imgur.com,"",Cows are sweet as long as you treat them nicely,imgur.com,Imgur: full of all the magic and wonders of the Internet.,video,1,2,0
Colette Brin Professeure,"","",ProjetJ.ca propose une série de visites des salles de rédaction à Montréal. Cette semaine: La Presse. ,http://projetj.ca/2015/06/15/la-presse-une-salle-de-nouvelles-a-limage-de-son-aventure-numerique/,projetj.ca,"",La Presse: une salle de nouvelles à l’image de son aventure numérique,projetj.ca,"Conséquence de la révolution numérique, les médias doivent trouver un nouveau modèle d’affaires. Mais ce n’est pas tout. De nombreuses salles de nouvelles ont revu complètement leur organisation, tant physique qu’humaine, afin de s’adapter…",link,3,1,1
Myriam Daguzan Bernier,"",Myriam Daguzan Bernier et Slate.fr ont partagé un lien.,"",http://www.slate.fr/grand-format/plancton-ocean-sardet-tara,www.slate.fr,"",«Une bouffée d’oxygène sur deux est due au plancton dans l’océan»,slate.fr,"Entre 2009 et 2013, le voilier Tara a parcouru les mers du globe à la recherche de planctons. Le but des scientifiques était double: comprendre et défendre les océans. «Nous étions des biologistes cellulaires et moléculaires, explique le biologiste marin Christian...",link,0,0,0
Sophie Dowse,"","","Hell ya! “The more you know, the more you want to know… the more connections you can make between the different bits of knowledge… the more ideas you have, which is why curiosity is really the wellspring of creativity.” #cognitiveecstasy #braingasm #sapiophile #sapiosexuel ( http://www.brainpickings.org/2015/06/17/ian-leslie-curious-rsa-animation/)",https://vimeo.com/128238282,vimeo.com,"",Student Design Award Winner - Curiosity: Exploration and Discovery,vimeo.com,"Georgina Venning, Arts University Bournemouth, 2015 BRIEF: Moving Pictures: Conceive and produce an animation to accompany one of the two selected audio files…",video,0,0,0
Jean-François Provençal,"",Jean-François Provençal et 5 autres personnes ont partagé un lien.,"",http://qz.com/432678/the-dreams-of-googles-ai-are-equal-parts-amazing-and-disturbing/,qz.com,"",The “dreams” of Google’s AI are equal parts amazing and disturbing,qz.com,Here's what happened when Google allowed its image recognition software to generate its own images.,link,8,0,0
Madeleine Arcand,"","","Voyez les superbes maisons que mon chum fait!
Si jamais vous pensez à vous faire construire… :-)",https://www.facebook.com/pages/Construction-Synertec/385061095022326,www.facebook.com,"",Construction Synertec,"",Entreprise,link,7,2,0
François Lemay,"","","Quand McCartney et Jimmy Fallon ""échangent"" leur accent...
",https://www.youtube.com/watch?v=A4uW-nhO3a8,www.youtube.com,"",Jimmy Fallon and Paul McCartney Switch Accents (Late Night with Jimmy Fallon),youtube.com,"After bumping into each other, Jimmy and Paul realize they've switched accents, and Paul isn't happy about it. Subscribe NOW to The Tonight Show Starring Jim...",video,6,0,2
Marc-André Lussier,"",Marc-André Lussier et Simon Couillard ont partagé un lien.,"",http://www.lapresse.ca/international/201506/20/01-4879688-le-conflit-syrien-bat-tous-les-records-dindifference.php,www.lapresse.ca,La Presse,«Le conflit syrien bat tous les records d'indifférence» | Isabelle Hachey | International,lapresse.ca,"Ils sont quatre millions, coincés dans des camps surpeuplés, sans espoir de retourner chez eux, sans possibilité de redémarrer leur vie en exil. Quatre millions de...",link,2,0,0
Laurence Gagnon-Montreuil,"",Laurence Gagnon-Montreuil a partagé la vidéo de Matteo Poker.,"C'est niaiseux, mais c'est drôle!",https://www.facebook.com/matteopokerdj/videos/10152754807899915/,www.facebook.com,"",Matteo Poker,"",The creator of this Diesel's spot make me laugh so hard!! :D,video,1,0,0
Matteo Poker,Musiciens et groupes de musique,Matteo Poker uploaded a new vidéo.,The creator of this Diesel's spot make me laugh so hard!! :D,https://www.facebook.com/matteopokerdj/videos/10152754807899915/,www.facebook.com,"","","","",video,25,25,217823
ICI Radio-Canada Première,"Medias, nouvelles et publication",ICI Radio-Canada Première et Jean-Francois Poulin ont partagé un lien.,"",https://soundcloud.com/iciradiocanadapremiere/on-vit-dans-une-province-de-morons-infoman-a-cest-pas-trop-tot,soundcloud.com,Radio-Canada,On vit dans une province de morons - Infoman à C’est pas trop tôt,soundcloud.com,"Jean-René Dufort a quitté le Québec pendant deux semaines. À son retour, c’est la consternation : «Je n’ai jamais vu une société perdre son temps avec des questions aussi niaiseuses.» Par exemple, le",video,25,6,0
Alain Vadeboncoeur,"",Alain Vadeboncoeur a partagé la vidéo de MOTO DA STRADA.,"Évidemment, certains parmi eux font n'importe quoi, mais ça reste tellement vulnérable, un corps de motocycliste (ou de cycliste) dans un accident... surtout pas de casque. Attention, certaines images sont assez terribles.",https://www.facebook.com/155927831742/videos/10152966893326743/,www.facebook.com,"",MOTO DA STRADA,"",Motorcycle Crashes Compilation!!!,video,2,7,0
MOTO DA STRADA,"Medias, nouvelles et publication",MOTO DA STRADA uploaded a new vidéo.,Motorcycle Crashes Compilation!!!,https://www.facebook.com/155927831742/videos/10152966893326743/,www.facebook.com,"","","","",video,25,25,2253498
Yann Roshdy,"",Yann Roshdy et Claire Martin ont partagé un lien.,"",http://ici.radio-canada.ca/nouvelles/societe/2015/06/20/001-parc-laurier-alcool-policiers-amende-spvm-fete-plateau-mont-royal.shtml,ici.radio-canada.ca,Radio-Canada,D'autres amendes pour consommation d'alcool au parc Laurier,ici.radio-canada.ca,"Pour une deuxième fin de semaine de suite, l'amertume de la bière était particulièrement relevée au parc Laurier.",link,11,2,0
Elise Desaulniers,"","","Martin Gibert dans le HuffPost : ""Lorsqu'ils se pencheront sur leurs copies, les correcteurs du bac 2015 seraient sans doute bien avisés de réfléchir un instant à l'influence du spécisme et du suprématisme humain sur leur perception morale. Et comme ce sont des profs de philo, il se pourrait même qu'ils y prennent un certain plaisir.""",http://www.huffingtonpost.fr/martin-gibert/corrige-bac-philo_b_7626922.html,www.huffingtonpost.fr,"",Bac philo 2015: faut-il craindre une correction spéciste?,huffingtonpost.fr,"ÉDUCATION - Respecter tout être vivant, est-ce un devoir moral ? Les sujets de philo du bac de philosophie ont souvent quelque chose d'effrayant et de fascinant - et même d'un peu exotique lorsqu'on les regarde depuis Montréal.",link,14,2,3
Fernand Foisy,"",Fernand Foisy a partagé la vidéo de Parti Québécois Région de Laval.,"SELON LE PLQ DU TEMPS DE ROBERT BOURASSA, LE QUÉBEC EST UNE SOCIÉTÉ LIBRE ET DISTINCTE ET CAPABLE D'ASSURER SON DÉVELOPPEMENT.",https://www.facebook.com/PQRegiondeLaval/videos/1130210386994760/,www.facebook.com,"",Parti Québécois Région de Laval,"",Le 22 juin prochain marquera le 25ème anniversaire de la déclaration du Premier Ministre Robert Bourassa à la veille de la date butoir pour la ratification de l'Accord du Lac Meech.,video,0,0,0
Parti Québécois Région de Laval,Entreprise locale,Parti Québécois Région de Laval uploaded a new vidéo.,Le 22 juin prochain marquera le 25ème anniversaire de la déclaration du Premier Ministre Robert Bourassa à la veille de la date butoir pour la ratification de l'Accord du Lac Meech.,https://www.facebook.com/PQRegiondeLaval/videos/1130210386994760/,www.facebook.com,"","","","",video,4,2,30
Stephane Wadr Lavallee,"","","Live in PyongYang, North Korea for two days 18th and 19th of August 2015.
Not Kidding.

",https://www.youtube.com/watch?v=c6Mx2mxpaCY,www.youtube.com,"",Laibach - The Whistleblowers (Spectre),youtube.com,BRING THE BEAT BACK! Bring Laibach back to America! Support Laibach on Indiegogo: http://igg.me/at/laibach Order SPECTRE: http://spectre.laibach.org/spectre/...,video,2,3,0
Lynn Lahaie,"",Lynn Lahaie et 2 autres personnes ont partagé un lien.,"",http://www.journaldemontreal.com/2015/06/19/un-film-tourne-en-un-seul-plan-sequence,www.journaldemontreal.com,Journal de Montréal,Un film tourné en un seul plan-séquence,journaldemontreal.com,"«Tout ce qui pouvait être compliqué l’a été», admet Podz en entrevue.",link,0,0,0
Méralie Murbenballs,"",Méralie Murbenballs et 3 autres personnes ont partagé un lien.,"",http://www.ledevoir.com/societe/actualites-en-societe/443271/pas-de-quartier-pour-les-pauvres,www.ledevoir.com,Le Devoir,Pas de quartier pour les pauvres,ledevoir.com,Christian Dinelle a vécu toute sa vie dans Rosemont. Il adore le quartier mais n'a plus les moyens...,link,2,0,0
Sarah Labarre,"",Sarah Labarre et 2 autres personnes ont partagé un lien.,"",http://hyenesenjupons.com/2015/06/19/cachez-ce-sein/,hyenesenjupons.com,"",Cachez ce sein…,hyenesenjupons.com,"Toi, la féministe qui porte la jupe courte, celle qui porte le talon haut, celle qui porte le sein offert, gaillard et généreux, celle qui perd du poids, celle qui en gagne (ou pas), celle qui met ...",link,25,3,0
Manuel Paradis,"",Manuel Paradis a partagé la vidéo de AskMen.,"",https://www.facebook.com/AskMencom/videos/10152998703808723/,www.facebook.com,"",AskMen,"",Here's why Louis C.K. is one of the greatest TV dads of all time. (via Made Man).,video,2,0,0
AskMen,Sites Web de nouvelles et médias,AskMen a téléchargé une nouvelle vidéo : Louis C.K. Father's Day.,Here's why Louis C.K. is one of the greatest TV dads of all time. (via Made Man).,https://www.facebook.com/AskMencom/videos/10152998703808723/,www.facebook.com,"",Louis C.K. Father's Day,"","",video,25,25,1716
Nicola F Vachon,"",Nicola F Vachon et Polygon ont partagé un lien.,"",http://www.polygon.com/2015/6/19/8810457/tacoma-e3-preview,www.polygon.com,"",What's going on with Fullbright's Gone Home follow-up Tacoma?,polygon.com,"",link,0,0,0
The Verge,"Medias, nouvelles et publication","",Here's how to get Windows 10 for free.,http://www.theverge.com/2015/6/20/8818383/microsoft-windows-10-free-for-testers,www.theverge.com,"",Microsoft is giving away Windows 10 to anyone who tests it,theverge.com,"While there was some confusion over Microsoft giving away Windows 10 to pirates, the software giant is now being clear about its free upgrade plans for Windows 10. We already know that Windows 7...",link,25,25,534
Jasmin Hains,"",Jasmin Hains et Patricia Tadros ont partagé un lien.,"",http://www.premiere.fr/Cinema/Photos/Reportages/40-choses-que-vous-ne-savez-peut-etre-pas-sur-Les-Dents-de-la-mer-4195601,www.premiere.fr,"",40 choses que vous ne savez peut-être pas sur Les Dents de la mer,premiere.fr,Les Dents de la mer a 40 ans : 40 anecdotes sur le premier chef-d'oeuvre de Spielberg et le premier blockbuster de tous les temps.,link,0,0,0
Byron Maiden Mikaloff,"",Byron Maiden Mikaloff et Mario Benjamin ont partagé la vidéo de spotboxlive.com.,"",https://www.facebook.com/spotboxlive/videos/783099155070566/,www.facebook.com,"",spotboxlive.com,"",RAMASSE LE SAVON MDRRRRRRR,video,13,8,0
spotboxlive.com,"Medias, nouvelles et publication",spotboxlive.com a téléchargé une nouvelle vidéo : RAMASSE LE SAVON MDRRRRRRR.,RAMASSE LE SAVON MDRRRRRRR,https://www.facebook.com/spotboxlive/videos/783099155070566/,www.facebook.com,"",RAMASSE LE SAVON MDRRRRRRR,"","",video,25,25,9006
René Bolduc,"",René Bolduc et 2 autres personnes ont partagé un lien.,"",http://duproprio.com/maison-a-vendre-sillery-quebec-622397?position=46.77504232830668%2C-71.24700844287872&zoom=17,duproprio.com,"","Maison à vendre Sillery, 2011, rue Narcisse-Roy, immobilier Québec | DuProprio | 622397",duproprio.com,Superbe maison ancestrale rénovée en canadienne (2010) au coeur dun quartier incroyablement paisible près du...,link,1,0,0
Marie-Claude Côté,"",Marie-Claude Côté et Fernand Foisy ont partagé un lien.,"",http://www.lapresse.ca/le-soleil/actualites/sante/201506/19/01-4879648-frais-dans-les-cliniques-barrette-na-pas-mis-ses-culottes-selon-un-avocat.php,www.lapresse.ca,La Presse,"Frais dans les cliniques: Barrette n'a pas mis ses culottes, selon un avocat | Pierre Pelchat |...",lapresse.ca,L'image de bully du ministre Gaétan Barrette a pâli en annonçant cette semaine son intention de rendre légaux les frais dans les cliniques médicales hors...,link,0,0,0
Sebastien Provencher,"",Sebastien Provencher a partagé un lien.,"",http://www.theglobeandmail.com/technology/gaming/canadian-game-developers-strut-their-stuff-at-e3/article25048347/,www.theglobeandmail.com,The Globe and mail,Canadian game developers strut their stuff at E3,theglobeandmail.com,"Developers generating buzz with some 19 games, ranging from big-budget blockbusters to those made by single-person studios",link,0,0,0
Helene Turcot,"",Helene Turcot a partagé la vidéo de Bam Margera.,Oh non!!!... Cauchemar!  :-)),https://www.facebook.com/BamMargera/videos/10152767532981374/,www.facebook.com,"",Bam Margera,"",Clumsy Best Man ruins this Wedding ! LOL,video,0,0,0
Bam Margera,Personnalité publique,Bam Margera uploaded a new vidéo.,Clumsy Best Man ruins this Wedding ! LOL,https://www.facebook.com/BamMargera/videos/10152767532981374/,www.facebook.com,"","","","",video,25,25,496996
Elliot Piché,"","","Bon matin, les vinyleux! J'ai besoin de vos connaissances techniques en ce superbe samedi matin. J'ai une table Pioneer PL-12D avec un ampli SX-3700 et mon diagnostic préliminaire m'indique que j'ai un problème avec mon ampli. Le problème : Le son ne sort qu'à environ 10% de sa puissance habituelle. Ce n'est pas la table puisque le problème est le même avec la radio. Ce ne sont pas les speakers puisque que le problème persiste même avec des écouteurs.

Donc, quel est le problème !? Et comment puis-je le régler? Je commence à capoter sans ma dose de Vinyl ;)
Merci d'avance!",https://www.facebook.com/photo.php?fbid=10204303073960764&set=gm.693608277432989&type=1,www.facebook.com,"","","","",photo,0,9,0
Strange Stuff And Funky Things,Site Internet de sciences,"","J'avoue rarement piger les vidéos de maths, mais la dernière de Micmaths m'a subjugué",https://www.youtube.com/watch?v=-X49VQgi86E,www.youtube.com,"",La face cachée des tables de multiplication - Micmaths,youtube.com,"Élémentaire, les tables de multiplication ? Pas si sûr. Dans cette vidéo, vous allez les redécouvrir comme vous ne les avez encore jamais vues. L'appli pour ...",video,20,0,9
Raphael Côté-Bernier,"",Raphael Côté-Bernier et 3 autres personnes ont partagé la vidéo de Bill Maher.,"",https://www.facebook.com/Maher/videos/10153018339452297/,www.facebook.com,"",Bill Maher,"",#PoliticalCorrectness in America,video,0,0,0
Bill Maher,Personnalité publique,"Bill Maher a téléchargé une nouvelle vidéo : HBO Real Time June 19, 2015.",#PoliticalCorrectness in America,https://www.facebook.com/Maher/videos/10153018339452297/,www.facebook.com,"","HBO Real Time June 19, 2015","","",video,25,25,13293
Manuel Paradis,"",Manuel Paradis a partagé un lien.,"",http://www.vice.com/en_ca/read/unpackaging-the-the-real-life-zoolander-604?utm_source=vicefbca,www.vice.com,"",Is This Hated Man Really the Worst Hipster of All Time?,vice.com,"This weekend, Hall went ""viral"" on ""the internet"" for being everything people hate about hipsters. But is he really the WOAT?",link,0,0,0
Mario Asselin,"","","Le Québec et la France évoluent dans deux mondes différents qui ne font pas partie du même univers, pour l'instant...",https://go.marioasselin.com/ambitionnumerique,go.marioasselin.com,"",De l'ambition. Numérique.,journaldemontreal.com,La semaine qui vient de passer a été l'occasion de plusieurs annonces concernant le numérique.,link,6,2,7
Stéphane Brodu,"",Stéphane Brodu et 16 autres personnes ont partagé un lien.,"",http://www.ledevoir.com/environnement/actualites-sur-l-environnement/443312/biodiversite-l-humain-a-enclenche-la-sixieme-grande-extinction,www.ledevoir.com,Le Devoir,L’humain a enclenché la sixième grande extinction,ledevoir.com,Le rythme d'anéantissement des espèces vivantes sur Terre est tel que l'humanité est en train de...,link,0,0,0
Claude Villeneuve,"","","Le « cube rubik » de Place de Paris, Agora du square Viger : ma chronique de ce matin dans le Journal.",http://www.journaldequebec.com/2015/06/20/bulldozer-le-passe,www.journaldequebec.com,Journal de Québec,Bulldozer le passé,journaldemontreal.com,Ça prend beaucoup moins de temps pour démolir que pour construire.,link,4,2,1
Caroline Gagnon,"",Caroline Gagnon a partagé la vidéo de Colin Wayne.,"La joie de découvrir et d'explorer. C'est ça l'enfance. Étant petite, ma sœur et moi avons fait la même chose avec de la poudre de bébé. On en parle encore. Avec mon fils, plus tard, j'ai récidivé avec les douches au chocolat, les  danses sous la pluie, le bain-douche tout habillé, les recettes inventées, l'anniversaire dégueu... Apprendre à dépasser les cadres établis est peut-être le gage de toute créativité ou du plaisir! En tout cas, ne pas respecter le mode d'emploi est certainement mémorable. N'est-ce pas Arno ?",https://www.facebook.com/colinwayneofficial/videos/488378654595443/,www.facebook.com,"",Colin Wayne,"","HAHA

Colin Wayne
www.colinwayne.com",video,17,0,0
Colin Wayne,Athlète,Colin Wayne uploaded a new vidéo.,"HAHA

Colin Wayne
www.colinwayne.com",https://www.facebook.com/colinwayneofficial/videos/488378654595443/,www.facebook.com,"","","","",video,25,25,538845
Sarah Labarre,"",Sarah Labarre et 2 autres personnes ont partagé la photo de Coalition to Stop Gun Violence.,"",https://www.facebook.com/CoalitiontoStopGunViolence/photos/a.149713771722863.24741.147886928572214/1112163348811229/?type=1,www.facebook.com,"",Coalition to Stop Gun Violence,"","""Eight of [South Carolina state Senator Clementa Pinckney's] church members, who might be alive if he had expressly allowed members to carry handguns in church, are dead. Innocent people died because of his political position on the issue."" - Charles Cotton, Board Member of the National Rifle Association

http://www.nraontherecord.org/charles-cotton-board-member/",photo,0,0,0
Coalition to Stop Gun Violence,Organisme à but non lucratif,"","""Eight of [South Carolina state Senator Clementa Pinckney's] church members, who might be alive if he had expressly allowed members to carry handguns in church, are dead. Innocent people died because of his political position on the issue."" - Charles Cotton, Board Member of the National Rifle Association

http://www.nraontherecord.org/charles-cotton-board-member/",https://www.facebook.com/CoalitiontoStopGunViolence/photos/a.149713771722863.24741.147886928572214/1112163348811229/?type=1,www.facebook.com,"","","","",photo,25,25,3297
Jeremy Bouchez,"",Jeremy Bouchez et 3 autres personnes ont partagé un lien.,"",http://www.lemonde.fr/planete/article/2015/06/20/la-sixieme-extinction-animale-de-masse-est-en-cours_4658330_3244.html,www.lemonde.fr,Le Monde,La sixième extinction animale de masse est en cours,lemonde.fr,"Jamais, selon des experts des universités américaines Stanford, Princeton et Berkeley, la planète n'a perdu ses espèces animales à un rythme aussi effréné.",link,0,0,0
Vanessa Mathurin,"",Vanessa Mathurin et 17 autres personnes ont partagé la photo de Young Paris.,"",https://www.facebook.com/youngparis/photos/a.246934305454622.1073741828.246730475475005/521916297956420/?type=1,www.facebook.com,"",Young Paris,"",>> www.instagram.com/youngparis_,photo,0,1,0
Young Paris,Musiciens et groupes de musique,"",>> www.instagram.com/youngparis_,https://www.facebook.com/youngparis/photos/a.246934305454622.1073741828.246730475475005/521916297956420/?type=1,www.facebook.com,"","","","",photo,25,25,484723
Albert-Jacques House Fortin,"",Albert-Jacques House Fortin et Philippe Gauthier ont partagé un lien.,"",https://medium.com/insurge-intelligence/uk-government-backed-scientific-model-flags-risk-of-civilisation-s-collapse-by-2040-4d121e455997,medium.com,"",UK Government-backed scientific model flags risk of civilisation’s collapse by 2040,medium.com,by Nafeez Ahmed,link,3,0,0
Alexandre Lambert,"","","Rénover la démocratie québécoise: le point de départ est l'enceinte de l'Assemblée nationale du Québec

Une proposition: quatre représentants des quatre partis politiques qui l'appui",http://www.lapresse.ca/le-soleil/actualites/politique/201506/19/01-4879617-alliance-plq-pq-caq-qs.php?utm_categorieinterne=trafficdrivers&utm_contenuinterne=cyberpresse_en-vedette_91290_article_ECRAN1POS2,www.lapresse.ca,La Presse,Alliance PLQ-PQ-CAQ-QS... | Jean-Marc Salvet | Politique,lapresse.ca,"Ils sont quatre. Quatre députés. Un libéral, un péquiste, un caquiste et une solidaire. Ils ont tissé une alliance discrète.",link,1,0,0
Rafael Heredia Cuevas,"","","",https://www.facebook.com/photo.php?fbid=486932754789695&set=gm.860524690707536&type=1,www.facebook.com,"","","","",photo,3,1,0
Tony See,"","","",https://youtu.be/NDy13oFUg4o,youtu.be,"",James Brown - King Heroin (Instrumental),youtube.com,Polydor · PD 14116 · 1972 · US,video,18,1,0
Rémy Charest,"","","""Being right, too often, gets in the way of being generous. Being right is too often used as a way to protect us from doing the thing that will actually most serve us."" Damn right.",http://www.grubstreet.com/2015/06/danny-meyer-welcome-conference.html,www.grubstreet.com,"",Read Danny Meyer’s Motivating Speech on the Irrelevancy of Being Right,grubstreet.com,"""Being right is too often used as a way to protect us from doing the thing that we will actually most serve us.""",link,2,0,0
Xavier Kronström Richard,"","","",http://www.franceculture.fr/emission-le-secret-des-sources-journalisme-la-releve-les-nouveaux-medias-nouveaux-supports-nouveaux-,www.franceculture.fr,"","Journalisme : la relève, les nouveaux médias, nouveaux supports, nouveaux formats - Information...",franceculture.fr,"Le journalisme est en pleine transformation. Ecrit et vidéo, radio et web, les journalistes deviennent multimédia. Ils doivent s'adapter au monde numérique et suivre les habitudes des lecteurs / auditeurs / internautes. Dans le même temps, toujours grâce aux moyens numériques, chaque citoyen peut re…",link,2,0,0
VICE,"Medias, nouvelles et publication","","In the next 50 years, we'll be living in a completely new world.",http://motherboard.vice.com/en_ca/read/we-are-100-for-sure-in-the-middle-of-a-major-extinction-event?utm_source=vicefbca,motherboard.vice.com,"","We Are 100%, For Sure, in the Middle of a Major Extinction Event",motherboard.vice.com,Even a new study with very conservative estimations show animals are disappearing at an alarming rate.,link,25,25,444
Francis Noël,"","",Juste trop dans le mile!,http://m.worldstarhiphop.com/android/video.php?v=wshhfB27b8ziEN6x4fTr,m.worldstarhiphop.com,"","Jon Stewart Drops The Comedy To Speak On The Charleston Church Shooting! ""We Still Won’t Do...",worldstarhiphop.com,"Jon Stewart apologized to his audience for not having any jokes for them, as he drops the comedy to get serious about Charleston. “I honestly have nothing, other than just sadness.” The Daily Show With Jon Stewart (Via Comedy Central) Posted By Persist",video,0,0,0
Danielle Bourdages,"",Danielle Bourdages a partagé la vidéo de Kyle and Jackie O.,"Elle crie parce qu'elle se sait en voie d'extinction, elle aussi? ;-)",https://www.facebook.com/kyleandjackieoshow/videos/910022152366027/,www.facebook.com,"",Kyle and Jackie O,"","The cutest little screaming frog. 

Source: https://youtu.be/cBkWhkAZ9ds Dean Boshoff",video,3,3,0
Kyle and Jackie O,Personnalité publique,Kyle and Jackie O uploaded a new vidéo.,"The cutest little screaming frog. 

Source: https://youtu.be/cBkWhkAZ9ds Dean Boshoff",https://www.facebook.com/kyleandjackieoshow/videos/910022152366027/,www.facebook.com,"","","","",video,25,25,259879
Malik Mehni,"",Malik Mehni a partagé la vidéo de Amy Wood.,"Le juge en charge du procès de Dylann Roof commence en faisant un parallèle hallucinant entre les victimes de sa tuerie et... la famille du tueur, qui elle aussi est victime (""We have victims, nine of them, but we also have victims on the other side""), souffre et qu'il faut aussi porter dans son cœur ! White justice, white tears.",https://www.facebook.com/AmyWood/videos/10154009313540931/,www.facebook.com,"",Amy Wood,"","The judge made a statement asking people to help the suspect Dylann Roof's family too
#CharlestonShooting
Continuing coverage here on my page  http://facebook.com/amywood",video,3,0,0
Amy Wood,Personnalité publique,Amy Wood uploaded a new vidéo.,"The judge made a statement asking people to help the suspect Dylann Roof's family too
#CharlestonShooting
Continuing coverage here on my page  http://facebook.com/amywood",https://www.facebook.com/AmyWood/videos/10154009313540931/,www.facebook.com,"","","","",video,25,25,29926
Gilbert Dion,"","","Interior of C.P.R. drawing room car, Montreal, QC, composite, 1886
Wm. Notman & Son, 1886, 19th century
Silver salts on paper mounted on paper - Albumen process, 25 x 20 cm
Purchase from Associated Screen News Ltd.
VIEW-1595.A.1
© McCord Museum",http://www.mccord-museum.qc.ca/largeimages/v1595-a.jpg,www.mccord-museum.qc.ca,"",www.mccord-museum.qc.ca,mccord-museum.qc.ca,"",link,1,2,0
Paule Therrien,"","",Et un jour ...,http://blogues.radio-canada.ca/lafiliererezzonico/2015/06/19/la-vie-de-brel-racontee-par-son-complice-gerard-jouannest/,blogues.radio-canada.ca,Radio-Canada,"La vie de Brel, racontée par son complice Gérard Jouannest | La filière Rezzonico | Radio-Canada.ca",blogues.radio-canada.ca,"Le pianiste et compositeur Gérard Jouannest à qui l'ont doit les musiques de Ne me quitte pas, Bruxelles et Mathilde, commente son parcours d'exception auprès de Jacques Brel. Frissons garantis.",link,2,0,0
François Simard,"",François Simard a partagé la vidéo de BuzzFeed Video.,"",https://www.facebook.com/BuzzFeedVideo/videos/1448683545272523/,www.facebook.com,"",BuzzFeed Video,"",15 Horrifying Facts About Processed Meat,video,0,0,0
BuzzFeed Video,"Medias, nouvelles et publication",BuzzFeed Video uploaded a new vidéo.,15 Horrifying Facts About Processed Meat,https://www.facebook.com/BuzzFeedVideo/videos/1448683545272523/,www.facebook.com,"","","","",video,25,25,206108
The Independent,Sites Web de nouvelles et médias,"",Sad news.,http://ind.pn/1Gn9iIc,ind.pn,"","The Eastern Cougar is officially extinct, nice work humans",independent.co.uk,"",link,25,25,5349
Caith Lecours,"",Caith Lecours et 2 autres personnes ont partagé un lien.,"",http://www.juxtapoz.com/current/new-awesome-work-by-federico-babina,www.juxtapoz.com,"",Styles of Directors Intrepreted as Architecutral Designs,juxtapoz.com,"Federico Babina is at it again! Twenty-seven imaginary houses that correlate to the best and most famous film directors, from Jim Jarmusch to Lars Von...",link,2,2,0
Washington Post,"Medias, nouvelles et publication","","You'll laugh, and if you're worried about guns in this country, you'll also cry.",http://wapo.st/1LkAlLM,wapo.st,"",An Australian comic on what U.S. gun laws look like to the rest of the world,washingtonpost.com,A comedy routine explains America's contradictory attitudes toward guns in the eyes of the world,link,25,25,3058
Ced Dessureaux,"","",Au festival de jazz de mtl avec Les bleu pelouse les 26-27 juin à 19 et 21hr pour des set d'une hr sur la scène de la place confort TD.,http://www.montrealjazzfest.com/programmation/concert.aspx?id=11972,www.montrealjazzfest.com,"",Les Bleu Pelouse - Festival International de Jazz de Montréal,montrealjazzfest.com,"L’orchestre atypique s’est mis à pousser dans les rues du Vieux-Québec, il y a 10 ans. Et c’est toujours avec un malin plaisir à jouer sur les trottoirs que le quartette transporte dans les rues de la Nouvelle-Orléans en dépoussiérant des classiques du...",link,9,4,0
Manon Morin,"","",Merci de signer et de partager en masse les amis-es !! ♡ Om namaste,https://www.change.org/p/president-of-the-people-s-republic-of-china-stop-the-yulin-dog-meat-eating-festival?recruiter=36797397&utm_source=share_petition&utm_medium=facebook&utm_campaign=autopublish&utm_term=des-lg-no_src-no_msg,www.change.org,"",President of the People's Republic of China: STOP THE YULIN DOG MEAT EATING FESTIVAL,www.change.org,"We at ""RAISE UR PAW"" need the voices and paws of the world to be raised to help ban the YULIN DOG MEAT EATING FESTIVAL which is going to occur on June 21, 2015.  Countless Canine Lives will be sacrificed in order to fulfill an inhumane tradition that has been permitted to occur for many years - and…",link,2,4,0
Chloé Baril,"","",Dédicace à Mathieu Charlebois,http://www.ina.fr/video/I00005659/john-coltrane-naima-video.html,www.ina.fr,"","John Coltrane ""Naima""",ina.fr,"Sur la scène du 6ème Festival jazz d'Antibes Juan-les-Pins, John COLTRANE interprète en quartet avec McCoy TYNER au piano, Jimmy GARRISON à la basse et Elvin JONES à la batterie, ""Naima"": Long solo de saxophone.",video,0,0,0
Jay Leblanc,"","",Les sans-abris qui seront bientôt expulsés du Square Viger font dire que c'est une excellente décision.,http://www.ledevoir.com/politique/montreal/441862/la-ville-octroie-250-000-pour-du-ski-sur-le-mat-du-stade-olympique,www.ledevoir.com,Le Devoir,La Ville octroie 250 000 $ pour du ski sur le mât du Stade olympique,ledevoir.com,"Une piste de ski extrême sur le mât du Stade olympique ? L'idée paraît peut-être saugrenue, mais...",link,2,0,0
Annik Mata Hari,"","","http://dangerousminds.net/comments/the_girls_on_their_motorcycles_photos_of_women_and_their_ri

Valéria Degas, Guylaine Bisson Privé, Caroline Rousse, Barbara Requesens, Katia Chapados D",http://dangerousminds.net/comments/the_girls_on_their_motorcycles_photos_of_women_and_their_ri,dangerousminds.net,"",The Girls on their Motorcycles: Vintage photos of kickass women and their rides,dangerousminds.net,"1971   Kickass or badass—whatever you wanna call these tough biker ladies—here’s a selection of vintage photos of real-life motorcycle riding women. Anke Eve Goldmann, 1958   Ann-Margret rode a classic Triumph T100   Bessie Stringfield   Some 70s Harley kickstarting action     Cafe Racer Girl, 1960s…",link,4,0,0
Elise Legault,"","","À tous ceux et celles qui me croient végée, je leur répondrai maintenant que je suis plutôt ''flexitarienne à tendance végé/bio''. Non mais tsé, on l'as-tu le terme !!",http://bit.ly/1MUsqlz,bit.ly,"","Ni végétarienne ni omnivore, je suis flexitarienne: je mange peu de viande, sans me priver",leplus.nouvelobs.com,"LE PLUS. Prenez un végétarien, ajoutez un peu de flexibilité, vous obtiendrez un flexitarien. C'est le régime alimentaire qu'a choisi Nathalie. Depuis quelques mois, elle a décidé de manger moins de viande et de consommer de façon responsable. Est-ce vraiment contraignant ? Pas du tout, à en croire…",link,1,0,0
Helene Turcot,"",Helene Turcot et Manon Morin ont partagé un lien.,"",http://www.humanite-biodiversite.fr/article/les-taux-d-extinctions-recents-d-especes-sont-sans-precedent,www.humanite-biodiversite.fr,"",Les taux d'extinctions récents d'espèces sont sans précédent,humanite-biodiversite.fr,La preuve est irréfutable: Les taux d'extinction récents sont sans précédent dans l'histoire humaine et très inhabituels dans l'histoire de la Terre. C'est ce que des chercheurs concluent dans une érude résumée sur le site de ScienceAdvances L'humanité a commencé à détruire des espèces à un rythme a…,link,0,0,0
Loïc Pardiac,"","","http://lastrhodesian.com/data/documents/rtf88.txt 

Dylann Roof's Manifesto",http://lastrhodesian.com/data/documents/rtf88.txt,lastrhodesian.com,"",lastrhodesian.com,lastrhodesian.com,"I was not raised in a racist home or environment. Living in the South, almost every White person has a small amount of racial awareness, simply beause of the numbers of negroes in this part of the country. But it is a superficial awareness. Growing up, in school, the White and black kids would make…",link,0,0,0
Helene Turcot,"",Helene Turcot et 2 autres personnes ont partagé un lien.,"",http://plus.lapresse.ca/screens/566f5620-dbbc-45ff-8a83-63c4da946c79%7C_0.html,plus.lapresse.ca,La Presse,Jeunes et analphabètes - La Presse+,plus.lapresse.ca,"On connaît bien l’un des grands échecs de notre système scolaire, soit le taux élevé de décrochage des jeunes du secondaire, surtout chez les garçons. - Mais notre incapacité collective à prendre correctement en charge les populations scolaires plus vulnérables a une autre conséquence,",link,0,0,0
Nicolas Déry,"","",#7 et #9,http://www.buzzfeed.com/awesomer/reasons-kids-should-never-be-left-alone-with-their-dads#.klDKeQMZmO,www.buzzfeed.com,"",24 Reasons Kids Should Never Be Left Alone With Their Dads,www.buzzfeed.com,"Dads are pretty much just giant children. You wouldn't let giant children watch your kids, would you?",link,0,0,0
Sandrine Guano,"","",Bravo les chantiers de St Nazaire !,http://www.ouest-france.fr/harmony-seas-le-plus-gros-bateau-du-monde-est-leau-3495051,www.ouest-france.fr,"",Harmony of the seas. Le plus gros bateau du monde est à l'eau,ouest-france.fr,"Harmony of the seas, le plus gros paquebot du monde, construit à Saint-Nazaire, aux chantiers STX, a pris son premier bain ce vendredi 19 juin. A voir en images",link,0,0,0
Sabrina Orlova Forrester,"","","Israeli authorities — and the Netanyahu government in particular — have been targeting Arab cultural institutions in recent weeks, cutting off funding for an Arabic-language theater in Haifa and threatening to do the same to a children’s theater in Jaffa operated by an Arab actor.",http://972mag.com/netanyahu-threatens-new-tv-station-for-palestinian-citizens-of-israel/107971/,972mag.com,"",Netanyahu threatens new TV station for Palestinian citizens of Israel | +972 Magazine,972mag.com,"The new satellite station, ‘Palestine 48,’ aimed at Arab citizens of Israel, presents an opportunity to use the community as a bridge between Israel and Palestine, a member of its board says. Israeli Communications Minister…",link,0,0,0
Patricia Delicia,"","",:D,http://lapravda.ca/legault-quitte-la-politique-pour-devenir-lidiot-du-village/,lapravda.ca,"",François Legault quitte la politique pour devenir l’idiot du village,lapravda.ca,Québec – Le chef de la Coalition Avenir Québec (CAQ) François Legault a convoqué les journalistes ce matin afin d’annoncer qu’il quittait la vie politique pour réaliser un vieux rêve d’enfance : devenir l’idiot du village. Expliquant que le désir de faire le clown était «trop fort» pour qu’il «s’enc…,link,0,0,0
Aline Viens,"","","Nouvelle réalisation vidéo de Productions Chaumont Inc.!

Visionnez ce court message de la part de Mathieu Traversy, Député de Terrebonne, à l'occasion de la Fête nationale qui approche à grands pas!! 
Et partagez, mes amis :)

",https://www.youtube.com/watch?v=TN9R7Mqi5h4&feature=youtu.be,www.youtube.com,"",Message de la Fête nationale 2015 (M. Traversy),youtube.com,"À l’approche de la Fête nationale du Québec, il est important de rappeler aux Québécoises et aux Québécois les 8 millions de bonnes raisons que nous avons de...",video,1,0,0
Philémon Beaulieu,"","","«D’ailleurs, comme pour les libéraux au Québec, David Cameron n’a pas parlé de coupes pendant les élections. « Les coupes et l’austérité ont été évacuées du discours conservateur. David Cameron parlait plutôt d’""équilibrer le budget"", et ""de faire, ensemble, ce qui était le mieux pour l’économie britannique"" et maintenant il coupe », remarque-t-elle.»",https://ricochet.media/fr/490/la-mobilisation-selargit,ricochet.media,"",La mobilisation s’élargit | Ricochet,ricochet.media,"Alors que des citoyennes et des citoyens manifestaient contre les mesures d’austérité du gouvernement lors du congrès du Parti libéral du Québec les 13 et 14 juin dernier, une lutte similaire s’organise de l’autre côté de l’océan. Non pas en Espagne ou en Grèce, mais au Royaume-Uni. En effet, plusie…",link,0,0,0
Fernand Foisy,"","","LES BANQUES ONT ASSEZ VOLÉ LA GRÈCE, QUE LE PAYS DEVRAIT REFUSER DE REMBOURSER CETTE FAUSSE DETTE.",http://www.lapresse.ca/international/europe/201506/20/01-4879687-des-milliers-de-manifestants-marchent-en-europe-pour-les-migrants-et-la-grece.php,www.lapresse.ca,La Presse,Des milliers de manifestants marchent en Europe pour les migrants et la Grèce | Europe,lapresse.ca,"Plusieurs milliers de personnes ont manifesté samedi en Allemagne, en Italie et en France, en signe de solidarité avec les migrants en Europe et contre l'austérité en...",link,0,0,0
Marie-annick Boisvert,"","",Beau portrait d'une fille que j'aime beaucoup,http://quebec.huffingtonpost.ca/2015/06/20/marie-josee-gauvin-sucre-_n_7627942.html,quebec.huffingtonpost.ca,Huffington Post,"Entrevue: Marie-Josée Gauvin fait ses débuts à «Sucré, Salé»",quebec.huffingtonpost.ca,"Marie-Josée Gauvin n’oubliera probablement jamais l’année 2014-2015. En plus d’animer le matin et l’après-midi sur les ondes de CKOI Montréal, elle",link,2,0,0
Matthieu Déborbe,"","","""Les riches payent la majorité des impôts au Québec"".
Bein... Oui pis non, là...",http://blogues.radio-canada.ca/politique/2015/06/18/le-regime-fiscal-du-1-au-quebec/,blogues.radio-canada.ca,Radio-Canada,Le régime fiscal du 1 % au Québec,blogues.radio-canada.ca,"Il y a quelques faits intéressants et quelques aberrations à souligner au sujet des Québécois qui ont gagné 250 000 $ ou plus en 2012. D'emblée, retenons que 454 d’entre eux n’ont pas payé d’impôt.",link,0,0,0
Geneviève Simard,"","",Mon article sur la canette non toxique maintenant en ligne sur La Presse web.,http://www.lapresse.ca/vivre/gourmand/cuisine/en-vrac/201506/16/01-4878431-la-canette-reinventee.php,www.lapresse.ca,La Presse,La canette réinventée | Geneviève Simard | En vrac,lapresse.ca,"Faite de porcelaine, elle est facile d'utilisation et va au lave-vaisselle. On y retrouve également, imprimée en dessous, en français, en anglais ou en italien, la...",link,1,0,0
Raymonde Rainette Sauvé,"","","La madame accusée de rage au volant est enragée contre 3 petits bums.

",https://www.youtube.com/watch?v=upDijvsuV6o,www.youtube.com,"",Yolande Ouellet au palais de justice (avril 2000),youtube.com,"FOR ENGLISH SUBTITLES ▶ Click on ""CC"" below the video Yolande Ouellet, 57 ans, comparait au palais de justice de Trois-Rivières pour un incident de rage au v...",video,1,0,0
Danielle Bourdages,"","","Quand vivre = survivre...

 ""Ramadan Palestine"", un film de 1 minute qui rappelle l'urgence en Palestine toujours en ruines... 

(Le CBSP est une ONG française qui agit en permanence en faveur des Palestiniens les plus vulnérables et leur apporte un précieux soutien dans différents domaines, depuis 25 ans. http://cbsp.fr )",https://www.youtube.com/watch?v=6FNXyuLrHwA&feature=youtu.be,www.youtube.com,"",Campagne Ramadan 2015,youtube.com,Soutenez la Campagne Ramadan 2015 du CBSP www.cbsp.fr,video,1,0,0
Valiumium Valérie Maltais,"",Valiumium Valérie Maltais a changé sa photo de couverture.,"Ce soir, je fais des collages avec tout ce beau* monde-là!

*sauf Bono",https://www.facebook.com/photo.php?fbid=792426870855323&set=p.792426870855323&type=1,www.facebook.com,"","","","",photo,3,1,0
Manon Auclair,"",Manon Auclair a changé sa photo de couverture.,"",https://www.facebook.com/photo.php?fbid=10152864560055588&set=p.10152864560055588&type=1,www.facebook.com,"","","","",photo,4,0,0
Vio Tremblay,"","",J'aime tellement ces petits films d'animation! :),http://bit.ly/1ffqVDQ,bit.ly,"",Histoires de bus,onf.ca,Ce court métrage d'animation est une comédie autobiographique écrite et réalisée par Tali. Inspiré des mésaventures vécues par la cinéaste alors qu’elle conduisait un autobus scolaire dans les ...,video,1,0,0
Alexandre Lambert,"","","Le pape François vient de publier un encyclique visant à bâtir une humanité plus solidaire et plus responsable concernant la protection du patrimoine que Dieu a laissé à l'humain, la Terre.

Le Vatican c'est souvent  préoccupé des plus démunis et a toujours défendu le droit à la dignité humaine, en plus de présenter des solutions novatrices et faisant a appel au dialogue social.

Cet encyclique, qui a été un coup de tonnerre à l'époque et qui a bâtit les postulats de la doctrine sociale de l'Église Catholique est pas mal éclairant... même pour aujourd'hui!

Bonne lecture...",http://w2.vatican.va/content/leo-xiii/fr/encyclicals/documents/hf_l-xiii_enc_15051891_rerum-novarum.html,w2.vatican.va,"",Léon XIII - Rerum Novarum,w2.vatican.va,"",link,0,0,0
